VBELN,FKART,FKDAT,REF_SO,KUNNR,NETWR,WAERK,STATUS
9000000000,S1,2024-10-12,4500000000,0000100068,6275.47,USD,Cancelled
9000000001,F2,2025-01-03,4500000002,0000100153,518.71,USD,Posted
9000000002,F2,2025-08-18,4500000003,0000100108,1375.67,USD,Posted
9000000003,F2,2026-04-22,4500000005,0000100123,5690.8,USD,Posted
9000000004,F2,2025-08-14,4500000006,0000100008,2302.14,USD,Posted
9000000005,S1,2025-09-14,4500000007,0000100071,1175.32,USD,Cancelled
9000000006,F2,2024-10-02,4500000008,0000100177,1086.8,USD,Posted
9000000007,F2,2025-08-01,4500000009,0000100165,32.5,USD,Posted
9000000008,F2,2025-06-13,4500000010,0000100124,5578.07,USD,Posted
9000000009,F2,2026-05-31,4500000011,0000100021,4979.83,USD,Posted
9000000010,F2,2025-10-24,4500000012,0000100190,3297.84,USD,Posted
9000000011,F2,2026-03-24,4500000013,0000100129,25923.81,USD,Posted
9000000012,F2,2025-08-03,4500000014,0000100061,2315.24,USD,Posted
9000000013,F2,2025-01-21,4500000015,0000100023,529.6,USD,Posted
9000000014,F2,2026-05-10,4500000017,0000100097,143.44,USD,Posted
9000000015,F2,2025-06-19,4500000018,0000100166,877.14,USD,Posted
9000000016,F2,2024-11-26,4500000019,0000100075,8728.12,USD,Posted
9000000017,F2,2025-09-16,4500000021,0000100047,2466.32,USD,Posted
9000000018,F2,2026-04-02,4500000022,0000100149,2213.88,USD,Posted
9000000019,F2,2025-11-29,4500000023,0000100028,2069.19,USD,Posted
9000000020,F2,2025-09-23,4500000024,0000100095,6615.13,USD,Posted
9000000021,F2,2025-11-12,4500000025,0000100086,492.16,USD,Posted
9000000022,F2,2025-06-20,4500000026,0000100079,1959.96,USD,Posted
9000000023,F2,2024-10-25,4500000027,0000100105,42.57,USD,Posted
9000000024,F2,2024-10-31,4500000028,0000100145,3396.39,USD,Posted
9000000025,F2,2026-08-05,4500000029,0000100013,8780.88,USD,Posted
9000000026,F2,2026-05-25,4500000030,0000100088,3935.96,USD,Posted
9000000027,F2,2025-04-24,4500000031,0000100012,1493.36,USD,Posted
9000000028,F2,2026-06-29,4500000032,0000100163,4800.56,USD,Posted
9000000029,F2,2025-10-04,4500000033,0000100179,120.95,USD,Posted
9000000030,F2,2024-11-28,4500000034,0000100090,6991.08,USD,Posted
9000000031,F2,2026-06-04,4500000035,0000100153,3924.29,USD,Posted
9000000032,F2,2025-11-18,4500000036,0000100198,1330.29,USD,Posted
9000000033,F2,2026-07-27,4500000037,0000100000,4286.47,USD,Posted
9000000034,F2,2026-01-26,4500000038,0000100009,1570.69,USD,Posted
9000000035,F2,2024-11-21,4500000039,0000100065,2901.5,USD,Posted
9000000036,F2,2025-12-19,4500000040,0000100188,1099.4,USD,Posted
9000000037,F2,2026-04-14,4500000041,0000100019,3443.26,USD,Posted
9000000038,F2,2026-07-09,4500000042,0000100087,4652.15,USD,Posted
9000000039,F2,2025-05-16,4500000043,0000100133,1383.91,USD,Posted
9000000040,F2,2025-10-09,4500000044,0000100140,3278.75,USD,Posted
9000000041,F2,2026-02-11,4500000045,0000100185,7.32,USD,Posted
9000000042,F2,2025-01-17,4500000046,0000100129,72.85,USD,Posted
9000000043,F2,2026-05-27,4500000047,0000100071,109.44,USD,Posted
9000000044,F2,2026-04-11,4500000048,0000100192,1604.74,USD,Posted
9000000045,F2,2024-10-20,4500000049,0000100107,2080.65,USD,Posted
9000000046,F2,2025-11-23,4500000050,0000100076,6214.56,USD,Posted
9000000047,S1,2025-06-11,4500000051,0000100134,4616.67,USD,Cancelled
9000000048,F2,2025-01-30,4500000052,0000100062,1298.59,USD,Posted
9000000049,S1,2025-12-03,4500000053,0000100073,50.32,USD,Cancelled
9000000050,F2,2026-08-25,4500000054,0000100051,5856.6,USD,Posted
9000000051,F2,2025-10-27,4500000055,0000100106,336.69,USD,Posted
9000000052,F2,2024-12-06,4500000056,0000100118,3189.67,USD,Posted
9000000053,F2,2025-09-13,4500000057,0000100053,6008.77,USD,Posted
9000000054,F2,2026-04-09,4500000058,0000100182,6111.98,USD,Posted
9000000055,F2,2026-08-16,4500000059,0000100040,129.77,USD,Posted
9000000056,F2,2026-02-18,4500000060,0000100122,9453.83,USD,Posted
9000000057,G2,2024-10-16,4500000061,0000100052,-52.98,USD,Posted
9000000058,F2,2026-08-23,4500000062,0000100054,5150.72,USD,Posted
9000000059,F2,2025-12-03,4500000063,0000100045,444.62,USD,Posted
9000000060,F2,2024-11-19,4500000064,0000100171,2816.34,USD,Posted
9000000061,S1,2024-12-15,4500000065,0000100160,3086.0,USD,Cancelled
9000000062,F2,2024-11-17,4500000066,0000100044,2400.48,USD,Posted
9000000063,F2,2026-01-15,4500000067,0000100180,7480.99,USD,Posted
9000000064,F2,2025-01-04,4500000068,0000100128,3750.24,USD,Posted
9000000065,F2,2026-05-02,4500000069,0000100164,370.8,USD,Posted
9000000066,F2,2024-12-05,4500000070,0000100089,68.24,USD,Posted
9000000067,F2,2025-10-10,4500000071,0000100154,15115.07,USD,Posted
9000000068,F2,2025-08-09,4500000072,0000100137,230.58,USD,Posted
9000000069,F2,2024-10-16,4500000073,0000100034,354.06,USD,Posted
9000000070,F2,2024-09-18,4500000074,0000100028,1149.6,USD,Posted
9000000071,F2,2026-07-07,4500000075,0000100196,3893.04,USD,Posted
9000000072,F2,2026-09-01,4500000076,0000100025,1334.46,USD,Posted
9000000073,F2,2024-12-18,4500000077,0000100102,2405.7,USD,Posted
9000000074,F2,2026-03-08,4500000078,0000100149,939.47,USD,Posted
9000000075,F2,2026-09-12,4500000079,0000100040,1640.86,USD,Posted
9000000076,F2,2026-07-11,4500000080,0000100020,1561.71,USD,Posted
9000000077,F2,2026-06-24,4500000081,0000100089,728.16,USD,Posted
9000000078,G2,2025-05-23,4500000082,0000100063,-497.84,USD,Posted
9000000079,F2,2026-02-23,4500000083,0000100133,1028.63,USD,Posted
9000000080,F2,2025-09-14,4500000084,0000100128,330.74,USD,Posted
9000000081,F2,2026-08-03,4500000085,0000100084,302.82,USD,Posted
9000000082,F2,2026-02-11,4500000086,0000100041,1390.17,USD,Posted
9000000083,F2,2026-05-28,4500000087,0000100130,1722.27,USD,Posted
9000000084,F2,2026-06-04,4500000088,0000100049,474.92,USD,Posted
9000000085,F2,2025-06-26,4500000089,0000100066,1310.45,USD,Posted
9000000086,G2,2026-02-20,4500000090,0000100141,-49.99,USD,Posted
9000000087,F2,2024-11-22,4500000091,0000100058,2050.05,USD,Posted
9000000088,F2,2025-02-15,4500000092,0000100147,3090.11,USD,Posted
9000000089,G2,2026-07-31,4500000093,0000100038,-162.65,USD,Posted
9000000090,F2,2025-07-07,4500000094,0000100036,1307.53,USD,Posted
9000000091,F2,2026-02-01,4500000095,0000100031,587.44,USD,Posted
9000000092,F2,2025-11-10,4500000096,0000100064,1144.6,USD,Posted
9000000093,F2,2025-03-27,4500000097,0000100006,341.47,USD,Posted
9000000094,F2,2026-07-19,4500000099,0000100166,2169.93,USD,Posted
9000000095,F2,2025-05-11,4500000100,0000100150,2117.77,USD,Posted
9000000096,F2,2025-01-28,4500000102,0000100057,4960.08,USD,Posted
9000000097,F2,2025-01-27,4500000103,0000100155,3026.18,USD,Posted
9000000098,F2,2026-05-17,4500000104,0000100113,351.77,USD,Posted
9000000099,F2,2026-02-17,4500000105,0000100034,1827.99,USD,Posted
9000000100,F2,2026-08-22,4500000106,0000100157,374.2,USD,Posted
9000000101,F2,2026-08-17,4500000108,0000100121,1364.63,USD,Posted
9000000102,F2,2025-02-23,4500000109,0000100138,1539.88,USD,Posted
9000000103,F2,2025-01-31,4500000110,0000100102,148.05,USD,Posted
9000000104,F2,2025-02-20,4500000111,0000100045,2010.15,USD,Posted
9000000105,F2,2025-06-27,4500000112,0000100136,40.08,USD,Posted
9000000106,F2,2025-02-26,4500000114,0000100014,3229.77,USD,Posted
9000000107,F2,2025-08-15,4500000115,0000100154,664.46,USD,Posted
9000000108,F2,2024-10-30,4500000116,0000100057,7516.93,USD,Posted
9000000109,F2,2024-10-05,4500000117,0000100061,40.84,USD,Posted
9000000110,F2,2025-12-09,4500000119,0000100142,2897.57,USD,Posted
9000000111,F2,2025-09-27,4500000120,0000100168,2568.95,USD,Posted
9000000112,F2,2026-07-18,4500000121,0000100081,496.81,USD,Posted
9000000113,F2,2026-06-06,4500000122,0000100184,2039.7,USD,Posted
9000000114,F2,2025-11-11,4500000124,0000100011,403.2,USD,Posted
9000000115,F2,2025-03-25,4500000125,0000100048,1102.94,USD,Posted
9000000116,F2,2024-12-18,4500000126,0000100054,4670.51,USD,Posted
9000000117,F2,2026-03-30,4500000127,0000100173,2671.85,USD,Posted
9000000118,F2,2025-01-05,4500000128,0000100040,10618.26,USD,Posted
9000000119,F2,2024-09-22,4500000129,0000100074,964.44,USD,Posted
9000000120,F2,2026-02-09,4500000130,0000100005,2059.53,USD,Posted
9000000121,F2,2024-12-20,4500000131,0000100103,2889.45,USD,Posted
9000000122,G2,2025-12-15,4500000132,0000100190,-57.57,USD,Posted
9000000123,F2,2025-02-12,4500000133,0000100172,530.18,USD,Posted
9000000124,F2,2025-07-22,4500000134,0000100130,2110.83,USD,Posted
9000000125,F2,2024-09-29,4500000135,0000100068,7125.36,USD,Posted
9000000126,F2,2025-06-18,4500000136,0000100048,152.79,USD,Posted
9000000127,G2,2025-05-13,4500000137,0000100014,-84.93,USD,Posted
9000000128,F2,2025-03-29,4500000138,0000100136,1666.35,USD,Posted
9000000129,F2,2025-11-10,4500000140,0000100039,338.12,USD,Posted
9000000130,F2,2026-02-08,4500000141,0000100082,5450.05,USD,Posted
9000000131,F2,2025-02-09,4500000142,0000100095,389.84,USD,Posted
9000000132,F2,2025-03-30,4500000144,0000100071,11884.46,USD,Posted
9000000133,G2,2026-02-08,4500000145,0000100136,-392.76,USD,Posted
9000000134,F2,2025-04-06,4500000146,0000100183,928.55,USD,Posted
9000000135,F2,2026-01-03,4500000147,0000100111,3861.37,USD,Posted
9000000136,F2,2026-02-13,4500000149,0000100049,6568.76,USD,Posted
9000000137,F2,2024-12-26,4500000150,0000100187,2882.19,USD,Posted
9000000138,F2,2025-02-26,4500000151,0000100197,802.48,USD,Posted
9000000139,F2,2026-03-02,4500000152,0000100129,59.74,USD,Posted
9000000140,G2,2025-08-31,4500000153,0000100106,-796.99,USD,Posted
9000000141,F2,2026-01-01,4500000154,0000100028,7432.32,USD,Posted
9000000142,F2,2025-04-12,4500000155,0000100063,3842.62,USD,Posted
9000000143,F2,2026-01-15,4500000156,0000100192,215.27,USD,Posted
9000000144,F2,2025-04-24,4500000157,0000100068,1772.91,USD,Posted
9000000145,F2,2025-09-06,4500000158,0000100117,1689.51,USD,Posted
9000000146,G2,2025-08-05,4500000159,0000100153,-1263.26,USD,Posted
9000000147,F2,2026-07-15,4500000160,0000100182,4436.34,USD,Posted
9000000148,F2,2026-03-19,4500000161,0000100114,1448.4,USD,Posted
9000000149,F2,2025-10-24,4500000162,0000100062,2569.57,USD,Posted
9000000150,F2,2026-05-25,4500000163,0000100153,2156.05,USD,Posted
9000000151,F2,2025-12-05,4500000164,0000100144,497.12,USD,Posted
9000000152,F2,2026-02-25,4500000165,0000100086,1573.39,USD,Posted
9000000153,F2,2025-10-03,4500000166,0000100155,3850.86,USD,Posted
9000000154,F2,2025-11-11,4500000167,0000100003,3624.34,USD,Posted
9000000155,F2,2025-02-17,4500000168,0000100180,3690.24,USD,Posted
9000000156,F2,2026-07-30,4500000169,0000100022,5401.81,USD,Posted
9000000157,F2,2025-12-29,4500000170,0000100081,1171.94,USD,Posted
9000000158,F2,2026-05-06,4500000171,0000100175,1439.33,USD,Posted
9000000159,F2,2025-12-06,4500000172,0000100173,861.94,USD,Posted
9000000160,F2,2024-10-06,4500000173,0000100080,1552.15,USD,Posted
9000000161,F2,2024-12-04,4500000174,0000100011,2740.4,USD,Posted
9000000162,G2,2026-06-22,4500000175,0000100059,-25.06,USD,Posted
9000000163,F2,2026-02-13,4500000176,0000100117,4971.8,USD,Posted
9000000164,F2,2026-07-08,4500000177,0000100059,2937.07,USD,Posted
9000000165,F2,2026-07-04,4500000178,0000100104,930.12,USD,Posted
9000000166,F2,2025-03-07,4500000179,0000100055,274.52,USD,Posted
9000000167,F2,2026-09-07,4500000180,0000100145,2176.25,USD,Posted
9000000168,F2,2025-12-08,4500000181,0000100140,2524.5,USD,Posted
9000000169,F2,2026-03-01,4500000182,0000100115,825.93,USD,Posted
9000000170,F2,2025-10-02,4500000183,0000100002,540.73,USD,Posted
9000000171,S1,2025-03-24,4500000184,0000100089,4357.28,USD,Cancelled
9000000172,F2,2025-09-07,4500000185,0000100116,184.2,USD,Posted
9000000173,F2,2025-08-20,4500000186,0000100094,2513.62,USD,Posted
9000000174,F2,2025-04-21,4500000187,0000100046,2994.86,USD,Posted
9000000175,F2,2025-05-26,4500000188,0000100083,2567.15,USD,Posted
9000000176,F2,2025-08-03,4500000189,0000100045,3637.23,USD,Posted
9000000177,F2,2025-03-28,4500000190,0000100010,4084.78,USD,Posted
9000000178,F2,2024-12-26,4500000191,0000100072,997.36,USD,Posted
9000000179,F2,2026-04-30,4500000192,0000100125,968.24,USD,Posted
9000000180,F2,2025-06-07,4500000193,0000100138,4181.15,USD,Posted
9000000181,F2,2025-06-09,4500000194,0000100005,1676.7,USD,Posted
9000000182,F2,2026-04-14,4500000195,0000100042,340.29,USD,Posted
9000000183,F2,2026-02-06,4500000196,0000100079,1243.56,USD,Posted
9000000184,F2,2025-08-09,4500000197,0000100123,2222.06,USD,Posted
9000000185,F2,2025-05-04,4500000198,0000100041,5601.34,USD,Posted
9000000186,F2,2026-04-24,4500000199,0000100184,1224.08,USD,Posted
9000000187,F2,2025-03-11,4500000200,0000100181,2934.62,USD,Posted
9000000188,F2,2025-08-23,4500000201,0000100148,1113.88,USD,Posted
9000000189,F2,2025-06-17,4500000202,0000100056,862.2,USD,Posted
9000000190,F2,2025-11-27,4500000205,0000100056,19828.11,USD,Posted
9000000191,S1,2025-10-05,4500000206,0000100186,1902.13,USD,Cancelled
9000000192,F2,2024-10-22,4500000207,0000100038,793.15,USD,Posted
9000000193,F2,2025-01-25,4500000208,0000100081,1533.87,USD,Posted
9000000194,S1,2026-06-24,4500000209,0000100057,80.5,USD,Cancelled
9000000195,F2,2026-04-14,4500000210,0000100171,789.75,USD,Posted
9000000196,F2,2025-02-18,4500000211,0000100179,623.0,USD,Posted
9000000197,F2,2025-01-23,4500000212,0000100081,882.67,USD,Posted
9000000198,F2,2026-08-01,4500000213,0000100062,2488.16,USD,Posted
9000000199,F2,2025-11-22,4500000214,0000100181,1530.39,USD,Posted
9000000200,F2,2026-02-23,4500000215,0000100000,3098.84,USD,Posted
9000000201,F2,2026-07-14,4500000216,0000100129,3425.8,USD,Posted
9000000202,F2,2025-03-25,4500000217,0000100068,3045.96,USD,Posted
9000000203,F2,2025-09-14,4500000218,0000100199,3583.38,USD,Posted
9000000204,F2,2026-07-18,4500000219,0000100097,875.2,USD,Posted
9000000205,F2,2025-01-29,4500000220,0000100161,4780.67,USD,Posted
9000000206,F2,2025-03-20,4500000221,0000100062,4475.21,USD,Posted
9000000207,F2,2026-06-26,4500000222,0000100185,1198.89,USD,Posted
9000000208,F2,2026-05-25,4500000223,0000100162,2453.35,USD,Posted
9000000209,F2,2025-09-30,4500000224,0000100156,5290.25,USD,Posted
9000000210,F2,2024-12-23,4500000225,0000100062,4299.16,USD,Posted
9000000211,F2,2026-05-20,4500000226,0000100181,6529.48,USD,Posted
9000000212,F2,2025-04-29,4500000227,0000100073,1871.38,USD,Posted
9000000213,F2,2026-03-21,4500000228,0000100036,508.05,USD,Posted
9000000214,F2,2025-03-22,4500000229,0000100008,3492.1,USD,Posted
9000000215,F2,2025-01-04,4500000230,0000100182,2107.73,USD,Posted
9000000216,F2,2026-02-04,4500000231,0000100035,1417.32,USD,Posted
9000000217,F2,2025-06-28,4500000232,0000100065,2811.02,USD,Posted
9000000218,F2,2025-06-18,4500000233,0000100052,4993.38,USD,Posted
9000000219,F2,2025-08-07,4500000234,0000100148,9148.79,USD,Posted
9000000220,F2,2025-08-17,4500000235,0000100045,713.84,USD,Posted
9000000221,F2,2025-08-28,4500000236,0000100198,1201.58,USD,Posted
9000000222,F2,2026-01-04,4500000237,0000100111,2584.74,USD,Posted
9000000223,F2,2024-12-06,4500000238,0000100027,444.96,USD,Posted
9000000224,F2,2026-01-25,4500000239,0000100177,732.84,USD,Posted
9000000225,F2,2025-09-08,4500000240,0000100144,21.36,USD,Posted
9000000226,F2,2026-05-11,4500000241,0000100134,416.47,USD,Posted
9000000227,F2,2025-04-16,4500000242,0000100024,2208.47,USD,Posted
9000000228,F2,2026-01-14,4500000243,0000100094,876.0,USD,Posted
9000000229,F2,2025-02-16,4500000244,0000100112,5411.59,USD,Posted
9000000230,F2,2026-02-09,4500000245,0000100130,2566.84,USD,Posted
9000000231,F2,2026-01-29,4500000246,0000100139,5405.22,USD,Posted
9000000232,F2,2025-10-22,4500000247,0000100025,222.54,USD,Posted
9000000233,S1,2025-09-03,4500000248,0000100078,275.69,USD,Cancelled
9000000234,F2,2026-08-10,4500000249,0000100116,1743.68,USD,Posted
9000000235,F2,2025-06-06,4500000250,0000100177,878.59,USD,Posted
9000000236,F2,2024-11-18,4500000251,0000100199,2662.6,USD,Posted
9000000237,F2,2025-05-14,4500000252,0000100180,1623.81,USD,Posted
9000000238,F2,2024-10-16,4500000253,0000100138,1231.31,USD,Posted
9000000239,F2,2026-07-02,4500000254,0000100155,194.22,USD,Posted
9000000240,F2,2026-05-19,4500000255,0000100117,2158.5,USD,Posted
9000000241,G2,2025-01-30,4500000256,0000100021,-869.63,USD,Posted
9000000242,F2,2025-12-20,4500000257,0000100039,4267.27,USD,Posted
9000000243,F2,2025-02-13,4500000258,0000100051,951.82,USD,Posted
9000000244,F2,2026-06-04,4500000259,0000100031,1604.41,USD,Posted
9000000245,F2,2025-07-19,4500000260,0000100098,146.21,USD,Posted
9000000246,F2,2024-11-01,4500000261,0000100078,2212.96,USD,Posted
9000000247,F2,2025-12-22,4500000262,0000100048,700.35,USD,Posted
9000000248,F2,2024-11-19,4500000263,0000100157,578.0,USD,Posted
9000000249,F2,2026-07-05,4500000264,0000100051,862.88,USD,Posted
9000000250,F2,2026-07-30,4500000265,0000100065,5006.96,USD,Posted
9000000251,F2,2025-12-12,4500000266,0000100045,493.97,USD,Posted
9000000252,F2,2025-03-11,4500000267,0000100058,7614.52,USD,Posted
9000000253,F2,2026-04-05,4500000268,0000100167,147.12,USD,Posted
9000000254,F2,2024-10-12,4500000269,0000100079,415.87,USD,Posted
9000000255,F2,2024-12-09,4500000270,0000100001,3658.41,USD,Posted
9000000256,G2,2025-04-25,4500000271,0000100083,-452.72,USD,Posted
9000000257,F2,2024-11-09,4500000272,0000100038,1261.52,USD,Posted
9000000258,F2,2026-06-15,4500000273,0000100188,910.38,USD,Posted
9000000259,F2,2026-01-20,4500000274,0000100184,5845.5,USD,Posted
9000000260,F2,2026-04-28,4500000275,0000100018,5716.46,USD,Posted
9000000261,F2,2026-01-08,4500000276,0000100137,32.4,USD,Posted
9000000262,F2,2025-02-25,4500000277,0000100184,700.35,USD,Posted
9000000263,F2,2025-04-08,4500000278,0000100037,37.51,USD,Posted
9000000264,F2,2025-12-05,4500000279,0000100176,824.31,USD,Posted
9000000265,F2,2025-12-18,4500000281,0000100091,2816.81,USD,Posted
9000000266,F2,2025-05-08,4500000282,0000100121,2631.85,USD,Posted
9000000267,F2,2026-04-24,4500000283,0000100132,955.08,USD,Posted
9000000268,F2,2025-07-11,4500000284,0000100021,1869.59,USD,Posted
9000000269,S1,2025-12-21,4500000285,0000100112,2042.91,USD,Cancelled
9000000270,F2,2026-06-02,4500000286,0000100026,7069.88,USD,Posted
9000000271,S1,2026-01-18,4500000287,0000100101,6324.54,USD,Cancelled
9000000272,F2,2025-11-23,4500000289,0000100119,353.16,USD,Posted
9000000273,F2,2025-02-10,4500000290,0000100110,1642.74,USD,Posted
9000000274,F2,2025-07-31,4500000291,0000100045,580.8,USD,Posted
9000000275,F2,2025-09-09,4500000293,0000100126,2184.41,USD,Posted
9000000276,F2,2024-09-30,4500000294,0000100025,1254.9,USD,Posted
9000000277,F2,2026-05-06,4500000295,0000100044,501.36,USD,Posted
9000000278,F2,2025-01-05,4500000296,0000100144,3170.82,USD,Posted
9000000279,F2,2024-10-08,4500000297,0000100143,4789.8,USD,Posted
9000000280,F2,2025-11-13,4500000298,0000100086,810.59,USD,Posted
9000000281,F2,2026-03-31,4500000299,0000100020,2658.88,USD,Posted
9000000282,F2,2024-12-10,4500000300,0000100134,1985.84,USD,Posted
9000000283,F2,2025-08-17,4500000302,0000100127,9753.43,USD,Posted
9000000284,F2,2024-12-12,4500000303,0000100162,5042.75,USD,Posted
9000000285,F2,2025-12-21,4500000304,0000100139,799.45,USD,Posted
9000000286,F2,2025-03-18,4500000305,0000100092,1631.86,USD,Posted
9000000287,F2,2026-02-05,4500000306,0000100099,6093.36,USD,Posted
9000000288,F2,2025-09-20,4500000307,0000100053,68.46,USD,Posted
9000000289,F2,2025-10-05,4500000308,0000100003,830.12,USD,Posted
9000000290,F2,2025-03-05,4500000309,0000100046,4633.77,USD,Posted
9000000291,F2,2026-03-26,4500000310,0000100106,4120.46,USD,Posted
9000000292,G2,2024-09-24,4500000311,0000100122,-250.52,USD,Posted
9000000293,F2,2025-05-04,4500000312,0000100156,1970.99,USD,Posted
9000000294,F2,2024-11-28,4500000313,0000100012,1782.33,USD,Posted
9000000295,F2,2024-11-18,4500000314,0000100192,974.07,USD,Posted
9000000296,F2,2024-09-23,4500000315,0000100072,1051.9,USD,Posted
9000000297,F2,2025-10-02,4500000316,0000100178,1159.36,USD,Posted
9000000298,F2,2024-11-10,4500000317,0000100062,894.18,USD,Posted
9000000299,F2,2024-12-11,4500000318,0000100111,1859.29,USD,Posted
9000000300,F2,2025-07-27,4500000319,0000100149,3567.66,USD,Posted
9000000301,G2,2026-01-30,4500000320,0000100131,-131.31,USD,Posted
9000000302,F2,2025-02-09,4500000321,0000100120,2503.05,USD,Posted
9000000303,F2,2026-01-07,4500000322,0000100184,1006.67,USD,Posted
9000000304,F2,2025-10-26,4500000323,0000100110,3136.46,USD,Posted
9000000305,F2,2026-07-23,4500000324,0000100069,1212.8,USD,Posted
9000000306,F2,2026-05-03,4500000325,0000100081,1925.53,USD,Posted
9000000307,F2,2026-09-11,4500000326,0000100160,5754.09,USD,Posted
9000000308,G2,2025-06-04,4500000327,0000100198,-306.12,USD,Posted
9000000309,F2,2026-06-27,4500000328,0000100008,1588.74,USD,Posted
9000000310,F2,2025-05-10,4500000329,0000100140,1483.1,USD,Posted
9000000311,F2,2025-04-08,4500000330,0000100175,101.85,USD,Posted
9000000312,F2,2025-07-28,4500000331,0000100102,2018.91,USD,Posted
9000000313,F2,2024-09-30,4500000332,0000100022,6614.16,USD,Posted
9000000314,F2,2026-02-25,4500000333,0000100078,2168.8,USD,Posted
9000000315,G2,2024-11-20,4500000334,0000100181,-252.17,USD,Posted
9000000316,F2,2025-12-05,4500000335,0000100123,45.32,USD,Posted
9000000317,F2,2024-10-30,4500000336,0000100122,1767.1,USD,Posted
9000000318,F2,2025-07-27,4500000337,0000100102,1166.74,USD,Posted
9000000319,F2,2025-03-20,4500000338,0000100040,5116.48,USD,Posted
9000000320,F2,2026-08-11,4500000339,0000100102,3060.3,USD,Posted
9000000321,G2,2025-04-22,4500000340,0000100134,-360.75,USD,Posted
9000000322,F2,2025-06-04,4500000341,0000100023,2383.88,USD,Posted
9000000323,F2,2025-04-26,4500000342,0000100064,926.56,USD,Posted
9000000324,F2,2024-12-17,4500000343,0000100034,23.1,USD,Posted
9000000325,F2,2025-12-30,4500000344,0000100119,1336.09,USD,Posted
9000000326,F2,2025-04-26,4500000345,0000100157,2665.15,USD,Posted
9000000327,F2,2025-04-06,4500000346,0000100080,1408.3,USD,Posted
9000000328,F2,2025-05-05,4500000347,0000100126,732.69,USD,Posted
9000000329,F2,2025-06-05,4500000348,0000100018,11465.78,USD,Posted
9000000330,F2,2026-04-17,4500000349,0000100158,1642.89,USD,Posted
9000000331,F2,2025-02-22,4500000350,0000100134,1465.4,USD,Posted
9000000332,F2,2024-12-15,4500000351,0000100050,491.95,USD,Posted
9000000333,F2,2025-05-18,4500000352,0000100042,5524.93,USD,Posted
9000000334,F2,2025-11-09,4500000353,0000100083,720.0,USD,Posted
9000000335,F2,2025-04-13,4500000354,0000100116,1332.07,USD,Posted
9000000336,S1,2024-12-09,4500000355,0000100175,74.8,USD,Cancelled
9000000337,F2,2025-06-06,4500000356,0000100174,1650.13,USD,Posted
9000000338,F2,2026-08-19,4500000357,0000100189,2674.09,USD,Posted
9000000339,F2,2026-07-01,4500000358,0000100199,1610.48,USD,Posted
9000000340,F2,2025-08-09,4500000359,0000100181,262.0,USD,Posted
9000000341,F2,2025-07-27,4500000360,0000100032,3947.67,USD,Posted
9000000342,F2,2025-01-24,4500000361,0000100012,601.92,USD,Posted
9000000343,S1,2026-01-20,4500000362,0000100065,911.52,USD,Cancelled
9000000344,F2,2026-02-25,4500000363,0000100091,110.25,USD,Posted
9000000345,F2,2025-03-21,4500000364,0000100045,811.37,USD,Posted
9000000346,F2,2025-12-17,4500000365,0000100062,277.7,USD,Posted
9000000347,F2,2024-11-30,4500000366,0000100085,216.99,USD,Posted
9000000348,F2,2025-05-08,4500000367,0000100105,4070.71,USD,Posted
9000000349,F2,2025-04-14,4500000368,0000100088,306.6,USD,Posted
9000000350,F2,2026-04-21,4500000369,0000100123,1540.85,USD,Posted
9000000351,F2,2025-12-13,4500000370,0000100080,1563.56,USD,Posted
9000000352,F2,2025-09-24,4500000371,0000100026,1589.83,USD,Posted
9000000353,F2,2025-08-02,4500000372,0000100143,671.52,USD,Posted
9000000354,F2,2025-09-05,4500000374,0000100113,5056.12,USD,Posted
9000000355,F2,2025-03-25,4500000375,0000100020,2734.84,USD,Posted
9000000356,G2,2026-05-20,4500000376,0000100078,-2185.29,USD,Posted
9000000357,F2,2026-04-25,4500000377,0000100174,4469.53,USD,Posted
9000000358,F2,2025-06-29,4500000378,0000100086,967.64,USD,Posted
9000000359,F2,2025-07-07,4500000379,0000100158,523.05,USD,Posted
9000000360,F2,2026-07-29,4500000380,0000100017,601.71,USD,Posted
9000000361,G2,2024-10-02,4500000381,0000100163,-54.52,USD,Posted
9000000362,G2,2026-03-30,4500000382,0000100181,-615.61,USD,Posted
9000000363,F2,2025-01-16,4500000383,0000100067,99.26,USD,Posted
9000000364,F2,2025-02-06,4500000384,0000100134,2549.55,USD,Posted
9000000365,F2,2025-05-30,4500000385,0000100000,145.95,USD,Posted
9000000366,S1,2025-12-14,4500000386,0000100010,8877.6,USD,Cancelled
9000000367,F2,2025-05-07,4500000387,0000100126,652.86,USD,Posted
9000000368,F2,2025-09-27,4500000388,0000100176,1950.26,USD,Posted
9000000369,F2,2025-09-27,4500000389,0000100190,2300.1,USD,Posted
9000000370,F2,2026-07-20,4500000390,0000100146,1900.11,USD,Posted
9000000371,F2,2025-11-13,4500000391,0000100157,2236.62,USD,Posted
9000000372,F2,2025-04-02,4500000392,0000100084,2000.52,USD,Posted
9000000373,F2,2025-12-24,4500000393,0000100100,4939.43,USD,Posted
9000000374,F2,2025-10-30,4500000394,0000100034,168.74,USD,Posted
9000000375,F2,2025-04-25,4500000395,0000100110,1019.17,USD,Posted
9000000376,F2,2026-02-25,4500000396,0000100081,1357.8,USD,Posted
9000000377,F2,2024-09-21,4500000397,0000100046,1516.14,USD,Posted
9000000378,F2,2026-09-06,4500000398,0000100060,1778.54,USD,Posted
9000000379,F2,2026-06-18,4500000399,0000100128,61.62,USD,Posted
9000000380,F2,2024-11-01,4500000400,0000100119,2588.23,USD,Posted
9000000381,F2,2026-02-17,4500000401,0000100177,14320.02,USD,Posted
9000000382,F2,2024-12-22,4500000402,0000100014,2999.54,USD,Posted
9000000383,F2,2026-09-11,4500000403,0000100020,653.05,USD,Posted
9000000384,G2,2025-08-15,4500000404,0000100018,-15.38,USD,Posted
9000000385,F2,2026-03-13,4500000405,0000100178,4152.76,USD,Posted
9000000386,F2,2025-03-23,4500000406,0000100112,5305.75,USD,Posted
9000000387,F2,2026-01-07,4500000407,0000100071,599.03,USD,Posted
9000000388,F2,2024-10-07,4500000408,0000100071,1843.56,USD,Posted
9000000389,F2,2026-04-23,4500000409,0000100151,3648.04,USD,Posted
9000000390,F2,2025-04-02,4500000410,0000100069,783.21,USD,Posted
9000000391,F2,2025-08-04,4500000412,0000100019,2060.52,USD,Posted
9000000392,F2,2025-09-15,4500000413,0000100178,1960.94,USD,Posted
9000000393,F2,2024-10-21,4500000414,0000100027,1891.66,USD,Posted
9000000394,F2,2025-01-19,4500000415,0000100144,77.4,USD,Posted
9000000395,F2,2025-06-23,4500000416,0000100170,915.49,USD,Posted
9000000396,F2,2025-10-20,4500000417,0000100030,571.2,USD,Posted
9000000397,F2,2026-02-08,4500000418,0000100189,642.85,USD,Posted
9000000398,F2,2024-12-26,4500000419,0000100122,1066.24,USD,Posted
9000000399,F2,2026-05-14,4500000420,0000100189,1225.07,USD,Posted
9000000400,F2,2025-06-07,4500000421,0000100053,2092.77,USD,Posted
9000000401,F2,2025-06-17,4500000423,0000100039,1135.28,USD,Posted
9000000402,F2,2025-08-13,4500000424,0000100014,1876.87,USD,Posted
9000000403,F2,2025-06-04,4500000425,0000100033,7837.44,USD,Posted
9000000404,F2,2024-11-16,4500000426,0000100044,3606.48,USD,Posted
9000000405,F2,2026-07-29,4500000427,0000100000,1845.95,USD,Posted
9000000406,F2,2025-11-21,4500000428,0000100108,2055.26,USD,Posted
9000000407,F2,2026-03-24,4500000429,0000100027,728.64,USD,Posted
9000000408,F2,2025-01-09,4500000430,0000100188,8709.07,USD,Posted
9000000409,F2,2025-09-10,4500000431,0000100052,954.5,USD,Posted
9000000410,F2,2025-04-15,4500000432,0000100033,4409.74,USD,Posted
9000000411,F2,2025-03-31,4500000433,0000100010,1089.38,USD,Posted
9000000412,F2,2025-07-04,4500000434,0000100165,1214.09,USD,Posted
9000000413,F2,2025-12-17,4500000435,0000100012,922.2,USD,Posted
9000000414,F2,2025-08-17,4500000436,0000100017,3573.54,USD,Posted
9000000415,F2,2026-02-08,4500000437,0000100089,2908.54,USD,Posted
9000000416,F2,2026-09-07,4500000438,0000100031,564.24,USD,Posted
9000000417,F2,2025-11-20,4500000439,0000100076,667.84,USD,Posted
9000000418,F2,2026-04-25,4500000440,0000100012,9853.89,USD,Posted
9000000419,F2,2026-08-15,4500000441,0000100121,367.12,USD,Posted
9000000420,F2,2026-08-26,4500000442,0000100063,680.9,USD,Posted
9000000421,F2,2025-05-28,4500000443,0000100028,2182.36,USD,Posted
9000000422,F2,2026-05-22,4500000444,0000100142,2881.29,USD,Posted
9000000423,F2,2026-02-06,4500000445,0000100022,5908.25,USD,Posted
9000000424,F2,2024-09-30,4500000446,0000100164,145.92,USD,Posted
9000000425,F2,2026-05-06,4500000447,0000100084,400.92,USD,Posted
9000000426,F2,2026-07-04,4500000448,0000100130,1153.12,USD,Posted
9000000427,G2,2025-05-22,4500000450,0000100145,-13.18,USD,Posted
9000000428,F2,2026-03-04,4500000451,0000100046,2644.23,USD,Posted
9000000429,F2,2026-05-14,4500000452,0000100016,5604.88,USD,Posted
9000000430,F2,2025-08-10,4500000453,0000100075,880.75,USD,Posted
9000000431,F2,2025-12-24,4500000454,0000100014,5860.31,USD,Posted
9000000432,F2,2025-06-21,4500000455,0000100000,2829.39,USD,Posted
9000000433,F2,2026-07-23,4500000456,0000100017,224.96,USD,Posted
9000000434,F2,2025-10-08,4500000457,0000100057,529.31,USD,Posted
9000000435,F2,2025-03-13,4500000458,0000100081,828.92,USD,Posted
9000000436,F2,2025-07-26,4500000459,0000100044,22872.87,USD,Posted
9000000437,F2,2025-11-18,4500000460,0000100133,3367.34,USD,Posted
9000000438,F2,2025-06-21,4500000461,0000100001,24.54,USD,Posted
9000000439,F2,2025-12-23,4500000463,0000100126,1835.14,USD,Posted
9000000440,F2,2025-05-10,4500000464,0000100046,1081.02,USD,Posted
9000000441,G2,2025-09-11,4500000465,0000100170,-667.18,USD,Posted
9000000442,F2,2024-11-17,4500000466,0000100136,377.95,USD,Posted
9000000443,F2,2025-05-10,4500000467,0000100033,744.25,USD,Posted
9000000444,F2,2024-12-10,4500000468,0000100149,3039.38,USD,Posted
9000000445,F2,2025-09-05,4500000469,0000100107,1800.81,USD,Posted
9000000446,F2,2025-05-13,4500000470,0000100050,1991.22,USD,Posted
9000000447,F2,2025-06-21,4500000471,0000100071,2928.42,USD,Posted
9000000448,F2,2024-10-12,4500000472,0000100132,6138.31,USD,Posted
9000000449,F2,2025-02-20,4500000474,0000100015,1225.44,USD,Posted
9000000450,F2,2024-09-25,4500000475,0000100145,1385.81,USD,Posted
9000000451,F2,2025-11-19,4500000476,0000100192,2873.17,USD,Posted
9000000452,F2,2024-10-15,4500000477,0000100098,8989.58,USD,Posted
9000000453,F2,2025-11-07,4500000478,0000100097,8909.71,USD,Posted
9000000454,G2,2026-07-16,4500000479,0000100089,-433.65,USD,Posted
9000000455,F2,2024-10-30,4500000480,0000100052,2627.68,USD,Posted
9000000456,F2,2025-08-28,4500000481,0000100077,668.4,USD,Posted
9000000457,F2,2026-05-17,4500000482,0000100166,1050.96,USD,Posted
9000000458,F2,2025-03-07,4500000483,0000100142,8070.74,USD,Posted
9000000459,F2,2024-12-19,4500000484,0000100155,1795.62,USD,Posted
9000000460,F2,2026-02-09,4500000486,0000100028,1798.03,USD,Posted
9000000461,F2,2026-03-26,4500000487,0000100040,1199.92,USD,Posted
9000000462,F2,2025-07-27,4500000488,0000100194,1448.5,USD,Posted
9000000463,F2,2025-05-26,4500000489,0000100101,2615.49,USD,Posted
9000000464,F2,2026-09-08,4500000490,0000100009,667.15,USD,Posted
9000000465,F2,2025-03-20,4500000491,0000100188,4805.82,USD,Posted
9000000466,F2,2026-04-27,4500000492,0000100146,102.0,USD,Posted
9000000467,F2,2026-04-27,4500000493,0000100048,938.82,USD,Posted
9000000468,F2,2025-08-13,4500000494,0000100086,634.08,USD,Posted
9000000469,F2,2026-04-10,4500000495,0000100004,79.95,USD,Posted
9000000470,F2,2025-05-10,4500000496,0000100131,216.49,USD,Posted
9000000471,F2,2026-07-08,4500000497,0000100084,1606.09,USD,Posted
9000000472,F2,2026-03-17,4500000498,0000100029,312.33,USD,Posted
9000000473,F2,2025-12-14,4500000499,0000100147,684.3,USD,Posted
9000000474,F2,2026-05-20,4500000500,0000100078,1723.83,USD,Posted
9000000475,F2,2026-01-26,4500000501,0000100136,3642.3,USD,Posted
9000000476,F2,2026-06-10,4500000502,0000100106,1559.78,USD,Posted
9000000477,F2,2025-06-01,4500000503,0000100016,1605.89,USD,Posted
9000000478,F2,2025-06-18,4500000504,0000100056,2701.94,USD,Posted
9000000479,F2,2026-08-08,4500000505,0000100144,5005.05,USD,Posted
9000000480,F2,2025-07-29,4500000506,0000100063,1065.27,USD,Posted
9000000481,F2,2025-05-02,4500000507,0000100024,5719.95,USD,Posted
9000000482,F2,2026-05-01,4500000508,0000100160,1775.7,USD,Posted
9000000483,F2,2025-05-30,4500000509,0000100040,1688.92,USD,Posted
9000000484,G2,2025-07-17,4500000510,0000100188,-738.64,USD,Posted
9000000485,F2,2025-11-08,4500000511,0000100169,1210.0,USD,Posted
9000000486,F2,2024-11-20,4500000512,0000100150,3387.39,USD,Posted
9000000487,F2,2025-12-07,4500000514,0000100167,2549.05,USD,Posted
9000000488,F2,2024-10-20,4500000515,0000100146,2581.14,USD,Posted
9000000489,F2,2024-11-22,4500000516,0000100022,3678.41,USD,Posted
9000000490,F2,2025-04-17,4500000517,0000100148,231.0,USD,Posted
9000000491,F2,2025-07-28,4500000518,0000100097,4379.71,USD,Posted
9000000492,F2,2026-04-24,4500000519,0000100173,393.3,USD,Posted
9000000493,F2,2026-04-22,4500000520,0000100198,776.65,USD,Posted
9000000494,F2,2026-03-11,4500000521,0000100183,200.96,USD,Posted
9000000495,G2,2026-03-04,4500000522,0000100083,-101.67,USD,Posted
9000000496,F2,2024-11-22,4500000524,0000100040,232.3,USD,Posted
9000000497,F2,2025-06-01,4500000525,0000100170,1394.98,USD,Posted
9000000498,F2,2026-03-15,4500000526,0000100181,7578.51,USD,Posted
9000000499,F2,2024-10-06,4500000527,0000100145,72.45,USD,Posted
9000000500,F2,2025-03-13,4500000528,0000100085,130.64,USD,Posted
9000000501,F2,2024-10-02,4500000529,0000100022,2373.91,USD,Posted
9000000502,F2,2025-05-11,4500000530,0000100071,2135.78,USD,Posted
9000000503,F2,2025-05-12,4500000531,0000100141,1032.33,USD,Posted
9000000504,G2,2025-09-05,4500000532,0000100069,-205.91,USD,Posted
9000000505,F2,2025-01-22,4500000533,0000100052,4551.6,USD,Posted
9000000506,F2,2025-10-18,4500000534,0000100133,1697.38,USD,Posted
9000000507,G2,2024-12-14,4500000535,0000100138,-237.1,USD,Posted
9000000508,F2,2026-04-14,4500000536,0000100008,4019.33,USD,Posted
9000000509,F2,2026-05-17,4500000537,0000100108,3588.27,USD,Posted
9000000510,F2,2025-07-15,4500000538,0000100000,3819.84,USD,Posted
9000000511,G2,2026-06-26,4500000539,0000100012,-609.67,USD,Posted
9000000512,F2,2026-01-16,4500000540,0000100079,2064.76,USD,Posted
9000000513,F2,2025-11-02,4500000541,0000100084,2597.22,USD,Posted
9000000514,F2,2025-12-28,4500000542,0000100020,5523.61,USD,Posted
9000000515,F2,2025-08-09,4500000543,0000100135,4947.73,USD,Posted
9000000516,F2,2026-07-06,4500000545,0000100156,1881.64,USD,Posted
9000000517,G2,2025-03-03,4500000546,0000100006,-271.0,USD,Posted
9000000518,F2,2026-06-14,4500000547,0000100147,144.34,USD,Posted
9000000519,F2,2025-06-26,4500000548,0000100002,526.68,USD,Posted
9000000520,F2,2025-10-23,4500000549,0000100154,749.88,USD,Posted
9000000521,F2,2025-12-15,4500000550,0000100047,3657.93,USD,Posted
9000000522,F2,2025-06-08,4500000551,0000100029,1756.65,USD,Posted
9000000523,F2,2026-09-08,4500000552,0000100179,3013.35,USD,Posted
9000000524,F2,2026-05-31,4500000553,0000100114,1091.95,USD,Posted
9000000525,F2,2025-06-24,4500000554,0000100137,1203.69,USD,Posted
9000000526,F2,2025-05-23,4500000555,0000100179,787.36,USD,Posted
9000000527,F2,2026-06-27,4500000556,0000100049,998.43,USD,Posted
9000000528,S1,2026-08-02,4500000557,0000100162,828.26,USD,Cancelled
9000000529,F2,2025-06-09,4500000558,0000100198,2391.22,USD,Posted
9000000530,F2,2024-12-20,4500000559,0000100057,1580.82,USD,Posted
9000000531,F2,2025-10-14,4500000560,0000100113,6251.33,USD,Posted
9000000532,F2,2025-08-20,4500000561,0000100156,742.9,USD,Posted
9000000533,F2,2025-08-06,4500000562,0000100033,6953.0,USD,Posted
9000000534,F2,2025-12-04,4500000563,0000100144,3961.27,USD,Posted
9000000535,F2,2024-09-29,4500000564,0000100165,284.24,USD,Posted
9000000536,G2,2025-11-03,4500000565,0000100129,-428.63,USD,Posted
9000000537,G2,2026-01-29,4500000566,0000100016,-1982.56,USD,Posted
9000000538,F2,2025-10-25,4500000567,0000100156,9879.07,USD,Posted
9000000539,F2,2024-09-20,4500000568,0000100002,4212.87,USD,Posted
9000000540,F2,2025-11-09,4500000569,0000100022,214.5,USD,Posted
9000000541,F2,2026-07-22,4500000570,0000100126,117.8,USD,Posted
9000000542,F2,2026-01-28,4500000571,0000100184,5653.05,USD,Posted
9000000543,F2,2025-09-30,4500000572,0000100159,2125.83,USD,Posted
9000000544,F2,2025-06-16,4500000573,0000100141,1910.7,USD,Posted
9000000545,F2,2025-02-22,4500000574,0000100027,1520.99,USD,Posted
9000000546,F2,2025-08-19,4500000575,0000100193,3599.54,USD,Posted
9000000547,F2,2026-08-21,4500000576,0000100091,1023.22,USD,Posted
9000000548,F2,2025-01-03,4500000577,0000100125,1005.98,USD,Posted
9000000549,F2,2025-12-13,4500000578,0000100128,2594.58,USD,Posted
9000000550,F2,2025-10-06,4500000579,0000100075,379.26,USD,Posted
9000000551,F2,2024-11-23,4500000580,0000100079,59.72,USD,Posted
9000000552,F2,2025-03-13,4500000581,0000100166,549.1,USD,Posted
9000000553,F2,2025-03-28,4500000582,0000100182,2241.39,USD,Posted
9000000554,F2,2024-11-19,4500000583,0000100153,987.2,USD,Posted
9000000555,F2,2024-11-23,4500000584,0000100073,912.33,USD,Posted
9000000556,G2,2026-05-14,4500000585,0000100021,-316.41,USD,Posted
9000000557,F2,2025-05-04,4500000586,0000100078,716.18,USD,Posted
9000000558,F2,2026-01-20,4500000587,0000100051,2688.9,USD,Posted
9000000559,F2,2025-09-27,4500000589,0000100194,2984.4,USD,Posted
9000000560,F2,2025-08-12,4500000590,0000100012,1046.28,USD,Posted
9000000561,F2,2024-10-13,4500000591,0000100130,6745.44,USD,Posted
9000000562,F2,2024-12-17,4500000593,0000100023,579.48,USD,Posted
9000000563,F2,2026-05-04,4500000594,0000100033,3770.19,USD,Posted
9000000564,F2,2026-02-10,4500000595,0000100057,756.13,USD,Posted
9000000565,F2,2026-08-17,4500000596,0000100002,541.8,USD,Posted
9000000566,G2,2026-02-05,4500000597,0000100179,-2117.78,USD,Posted
9000000567,F2,2025-02-28,4500000598,0000100073,8041.4,USD,Posted
9000000568,F2,2025-11-14,4500000599,0000100087,2989.68,USD,Posted
9000000569,F2,2026-01-15,4500000600,0000100126,4650.27,USD,Posted
9000000570,F2,2025-04-05,4500000601,0000100106,4176.66,USD,Posted
9000000571,F2,2025-07-14,4500000602,0000100100,179.27,USD,Posted
9000000572,F2,2026-04-22,4500000603,0000100001,328.16,USD,Posted
9000000573,F2,2025-02-16,4500000604,0000100196,1917.02,USD,Posted
9000000574,F2,2024-10-07,4500000605,0000100092,3189.34,USD,Posted
9000000575,F2,2026-07-05,4500000606,0000100196,2982.31,USD,Posted
9000000576,F2,2025-05-20,4500000607,0000100178,1445.96,USD,Posted
9000000577,F2,2025-12-03,4500000608,0000100128,3400.52,USD,Posted
9000000578,F2,2026-08-31,4500000609,0000100063,1635.79,USD,Posted
9000000579,G2,2025-02-09,4500000610,0000100154,-429.88,USD,Posted
9000000580,F2,2025-03-25,4500000611,0000100148,782.87,USD,Posted
9000000581,F2,2025-05-19,4500000612,0000100170,370.6,USD,Posted
9000000582,F2,2025-04-11,4500000613,0000100137,1749.72,USD,Posted
9000000583,S1,2025-09-12,4500000614,0000100185,4340.39,USD,Cancelled
9000000584,F2,2024-09-30,4500000615,0000100179,979.7,USD,Posted
9000000585,F2,2026-04-27,4500000616,0000100140,341.37,USD,Posted
9000000586,G2,2025-02-22,4500000618,0000100175,-179.87,USD,Posted
9000000587,G2,2025-06-30,4500000619,0000100006,-476.54,USD,Posted
9000000588,F2,2025-06-19,4500000620,0000100061,276.22,USD,Posted
9000000589,F2,2026-02-11,4500000621,0000100195,2342.16,USD,Posted
9000000590,F2,2026-06-07,4500000623,0000100154,933.24,USD,Posted
9000000591,F2,2026-08-12,4500000624,0000100062,3184.58,USD,Posted
9000000592,F2,2025-03-26,4500000625,0000100130,1105.3,USD,Posted
9000000593,F2,2024-12-08,4500000626,0000100060,376.8,USD,Posted
9000000594,F2,2025-12-05,4500000627,0000100016,629.62,USD,Posted
9000000595,F2,2024-11-02,4500000628,0000100132,3728.5,USD,Posted
9000000596,F2,2025-02-05,4500000630,0000100036,7401.6,USD,Posted
9000000597,F2,2025-07-09,4500000632,0000100026,3524.61,USD,Posted
9000000598,F2,2026-05-20,4500000633,0000100175,342.24,USD,Posted
9000000599,F2,2025-11-20,4500000634,0000100004,5882.17,USD,Posted
9000000600,F2,2026-03-18,4500000635,0000100026,339.01,USD,Posted
9000000601,F2,2026-01-14,4500000636,0000100088,52.05,USD,Posted
9000000602,F2,2026-04-12,4500000637,0000100179,668.58,USD,Posted
9000000603,F2,2026-03-09,4500000638,0000100038,140.66,USD,Posted
9000000604,F2,2026-04-30,4500000639,0000100092,1455.2,USD,Posted
9000000605,F2,2025-03-07,4500000642,0000100092,557.41,USD,Posted
9000000606,F2,2026-05-09,4500000643,0000100106,784.35,USD,Posted
9000000607,F2,2024-12-12,4500000644,0000100152,1362.36,USD,Posted
9000000608,S1,2024-10-21,4500000646,0000100052,7785.59,USD,Cancelled
9000000609,F2,2024-09-25,4500000647,0000100090,792.36,USD,Posted
9000000610,F2,2026-03-04,4500000648,0000100165,971.72,USD,Posted
9000000611,F2,2026-03-06,4500000649,0000100145,6456.02,USD,Posted
9000000612,F2,2026-04-14,4500000650,0000100176,4025.89,USD,Posted
9000000613,F2,2025-06-16,4500000651,0000100181,2544.06,USD,Posted
9000000614,F2,2026-01-30,4500000652,0000100101,4324.74,USD,Posted
9000000615,F2,2026-03-12,4500000653,0000100151,4551.43,USD,Posted
9000000616,G2,2025-03-01,4500000654,0000100147,-43.73,USD,Posted
9000000617,F2,2024-12-15,4500000655,0000100142,2037.59,USD,Posted
9000000618,F2,2024-10-31,4500000656,0000100015,4713.7,USD,Posted
9000000619,G2,2025-04-28,4500000657,0000100010,-684.2,USD,Posted
9000000620,F2,2026-04-04,4500000658,0000100141,85.35,USD,Posted
9000000621,F2,2025-03-04,4500000659,0000100131,120.0,USD,Posted
9000000622,F2,2026-05-19,4500000660,0000100070,266.4,USD,Posted
9000000623,F2,2026-01-05,4500000661,0000100181,4012.64,USD,Posted
9000000624,S1,2026-08-17,4500000662,0000100171,3426.17,USD,Cancelled
9000000625,G2,2025-04-08,4500000663,0000100111,-427.2,USD,Posted
9000000626,F2,2026-08-27,4500000664,0000100001,33.76,USD,Posted
9000000627,G2,2026-04-06,4500000665,0000100069,-473.75,USD,Posted
9000000628,F2,2024-10-23,4500000666,0000100038,4376.44,USD,Posted
9000000629,F2,2024-12-13,4500000668,0000100004,1353.94,USD,Posted
9000000630,F2,2025-05-15,4500000669,0000100179,1864.4,USD,Posted
9000000631,F2,2025-11-20,4500000670,0000100168,1600.2,USD,Posted
9000000632,F2,2026-08-27,4500000671,0000100139,5870.9,USD,Posted
9000000633,F2,2026-06-05,4500000672,0000100123,1415.62,USD,Posted
9000000634,G2,2025-05-03,4500000673,0000100017,-16.55,USD,Posted
9000000635,F2,2025-11-18,4500000674,0000100086,1337.19,USD,Posted
9000000636,F2,2025-09-17,4500000675,0000100196,1556.27,USD,Posted
9000000637,S1,2024-09-30,4500000676,0000100005,1383.9,USD,Cancelled
9000000638,G2,2025-04-13,4500000677,0000100095,-2.98,USD,Posted
9000000639,F2,2025-09-17,4500000678,0000100182,3116.88,USD,Posted
9000000640,F2,2025-09-20,4500000679,0000100005,146.4,USD,Posted
9000000641,F2,2026-02-20,4500000680,0000100074,995.04,USD,Posted
9000000642,F2,2025-04-29,4500000681,0000100021,2772.4,USD,Posted
9000000643,F2,2026-09-06,4500000682,0000100083,219.96,USD,Posted
9000000644,F2,2026-07-16,4500000683,0000100052,1442.25,USD,Posted
9000000645,G2,2025-04-20,4500000684,0000100071,-522.82,USD,Posted
9000000646,G2,2024-12-20,4500000685,0000100067,-541.47,USD,Posted
9000000647,F2,2025-02-27,4500000686,0000100138,1402.94,USD,Posted
9000000648,F2,2025-05-29,4500000687,0000100011,2220.65,USD,Posted
9000000649,F2,2025-08-31,4500000688,0000100008,5760.73,USD,Posted
9000000650,F2,2025-07-28,4500000689,0000100090,1305.14,USD,Posted
9000000651,F2,2025-12-03,4500000690,0000100032,531.62,USD,Posted
9000000652,G2,2026-02-26,4500000691,0000100194,-177.48,USD,Posted
9000000653,F2,2024-09-24,4500000692,0000100194,3659.42,USD,Posted
9000000654,G2,2024-12-19,4500000693,0000100033,-795.73,USD,Posted
9000000655,F2,2025-08-04,4500000694,0000100172,2374.44,USD,Posted
9000000656,F2,2025-09-17,4500000695,0000100094,239.36,USD,Posted
9000000657,F2,2026-03-14,4500000696,0000100038,59.25,USD,Posted
9000000658,F2,2026-03-22,4500000697,0000100039,1379.91,USD,Posted
9000000659,F2,2025-06-27,4500000698,0000100093,2811.16,USD,Posted
9000000660,F2,2025-12-28,4500000699,0000100168,4378.55,USD,Posted
9000000661,F2,2025-04-17,4500000700,0000100117,1516.21,USD,Posted
9000000662,F2,2025-09-26,4500000701,0000100064,310.76,USD,Posted
9000000663,F2,2026-05-22,4500000702,0000100071,200.34,USD,Posted
9000000664,F2,2026-03-08,4500000703,0000100049,6258.42,USD,Posted
9000000665,F2,2024-10-02,4500000704,0000100007,2864.17,USD,Posted
9000000666,F2,2026-03-03,4500000705,0000100167,231.6,USD,Posted
9000000667,F2,2025-11-11,4500000706,0000100005,2250.74,USD,Posted
9000000668,F2,2026-07-01,4500000707,0000100050,4273.84,USD,Posted
9000000669,F2,2024-10-27,4500000708,0000100015,1985.11,USD,Posted
9000000670,F2,2024-09-16,4500000709,0000100084,3439.63,USD,Posted
9000000671,F2,2025-04-28,4500000710,0000100087,3015.16,USD,Posted
9000000672,F2,2026-08-30,4500000711,0000100097,2342.2,USD,Posted
9000000673,F2,2025-05-24,4500000712,0000100110,1265.2,USD,Posted
9000000674,F2,2025-10-24,4500000713,0000100065,1159.14,USD,Posted
9000000675,F2,2025-02-18,4500000714,0000100023,2978.93,USD,Posted
9000000676,F2,2025-09-21,4500000715,0000100025,56.08,USD,Posted
9000000677,F2,2026-03-25,4500000716,0000100108,10243.28,USD,Posted
9000000678,F2,2025-05-04,4500000717,0000100015,8460.64,USD,Posted
9000000679,F2,2024-11-15,4500000718,0000100074,124.1,USD,Posted
9000000680,F2,2025-11-26,4500000719,0000100041,830.84,USD,Posted
9000000681,F2,2024-10-08,4500000721,0000100039,1462.48,USD,Posted
9000000682,F2,2025-01-08,4500000722,0000100192,1129.01,USD,Posted
9000000683,F2,2025-05-31,4500000723,0000100054,5051.07,USD,Posted
9000000684,F2,2025-01-11,4500000724,0000100018,514.79,USD,Posted
9000000685,F2,2026-08-19,4500000725,0000100147,2363.48,USD,Posted
9000000686,F2,2026-01-30,4500000726,0000100094,257.25,USD,Posted
9000000687,F2,2026-03-31,4500000727,0000100107,34.3,USD,Posted
9000000688,F2,2026-01-27,4500000728,0000100039,3096.77,USD,Posted
9000000689,F2,2025-05-10,4500000729,0000100007,1492.08,USD,Posted
9000000690,F2,2024-10-01,4500000730,0000100171,2713.34,USD,Posted
9000000691,F2,2024-09-24,4500000731,0000100166,6445.69,USD,Posted
9000000692,G2,2024-12-27,4500000732,0000100189,-493.56,USD,Posted
9000000693,F2,2025-06-11,4500000733,0000100165,3021.9,USD,Posted
9000000694,F2,2025-10-09,4500000734,0000100190,5270.72,USD,Posted
9000000695,F2,2026-03-19,4500000735,0000100047,2474.49,USD,Posted
9000000696,F2,2026-07-31,4500000736,0000100160,1775.63,USD,Posted
9000000697,F2,2026-05-25,4500000737,0000100017,9456.54,USD,Posted
9000000698,F2,2026-02-19,4500000739,0000100163,271.14,USD,Posted
9000000699,F2,2026-08-18,4500000740,0000100016,1206.9,USD,Posted
9000000700,F2,2026-08-08,4500000741,0000100029,1186.59,USD,Posted
9000000701,F2,2025-12-16,4500000742,0000100045,2973.43,USD,Posted
9000000702,F2,2026-02-07,4500000743,0000100090,4561.9,USD,Posted
9000000703,F2,2026-05-20,4500000744,0000100062,7124.32,USD,Posted
9000000704,F2,2026-06-13,4500000745,0000100167,554.73,USD,Posted
9000000705,F2,2025-10-09,4500000746,0000100082,1944.18,USD,Posted
9000000706,F2,2025-11-04,4500000747,0000100034,184.32,USD,Posted
9000000707,F2,2026-08-21,4500000748,0000100127,83.07,USD,Posted
9000000708,F2,2025-04-17,4500000749,0000100031,717.72,USD,Posted
9000000709,F2,2025-05-22,4500000750,0000100062,494.72,USD,Posted
9000000710,F2,2025-09-30,4500000752,0000100138,8487.55,USD,Posted
9000000711,F2,2025-11-28,4500000753,0000100019,3373.17,USD,Posted
9000000712,F2,2025-06-22,4500000754,0000100145,1461.0,USD,Posted
9000000713,F2,2024-09-20,4500000755,0000100163,5752.82,USD,Posted
9000000714,G2,2025-11-16,4500000756,0000100190,-264.02,USD,Posted
9000000715,F2,2026-04-23,4500000757,0000100194,3446.96,USD,Posted
9000000716,F2,2025-08-03,4500000758,0000100150,1612.9,USD,Posted
9000000717,F2,2024-12-18,4500000759,0000100060,3567.66,USD,Posted
9000000718,F2,2024-10-24,4500000761,0000100159,4663.04,USD,Posted
9000000719,F2,2026-06-10,4500000762,0000100133,1771.75,USD,Posted
9000000720,F2,2025-12-16,4500000763,0000100007,923.5,USD,Posted
9000000721,F2,2026-04-22,4500000764,0000100190,1057.98,USD,Posted
9000000722,F2,2026-05-12,4500000765,0000100143,10756.52,USD,Posted
9000000723,F2,2024-10-04,4500000766,0000100188,2153.65,USD,Posted
9000000724,F2,2025-10-22,4500000767,0000100199,116.48,USD,Posted
9000000725,F2,2025-01-09,4500000768,0000100054,2267.01,USD,Posted
9000000726,F2,2025-04-14,4500000769,0000100018,580.73,USD,Posted
9000000727,F2,2025-01-30,4500000770,0000100141,4956.96,USD,Posted
9000000728,F2,2025-09-29,4500000771,0000100028,888.14,USD,Posted
9000000729,F2,2024-11-15,4500000773,0000100118,3621.24,USD,Posted
9000000730,F2,2026-04-26,4500000774,0000100198,3371.84,USD,Posted
9000000731,F2,2026-05-25,4500000775,0000100050,2093.04,USD,Posted
9000000732,G2,2025-10-18,4500000776,0000100029,-134.9,USD,Posted
9000000733,F2,2026-06-27,4500000777,0000100146,672.07,USD,Posted
9000000734,F2,2025-10-13,4500000778,0000100153,343.33,USD,Posted
9000000735,F2,2025-01-12,4500000779,0000100080,3532.05,USD,Posted
9000000736,F2,2026-04-27,4500000780,0000100175,429.18,USD,Posted
9000000737,F2,2025-10-22,4500000781,0000100141,4609.46,USD,Posted
9000000738,F2,2025-06-20,4500000782,0000100114,3680.52,USD,Posted
9000000739,F2,2024-11-23,4500000783,0000100100,4483.69,USD,Posted
9000000740,F2,2026-05-21,4500000784,0000100121,557.92,USD,Posted
9000000741,F2,2025-04-06,4500000785,0000100082,241.83,USD,Posted
9000000742,F2,2026-08-28,4500000786,0000100069,2329.2,USD,Posted
9000000743,F2,2025-03-04,4500000787,0000100125,1211.86,USD,Posted
9000000744,F2,2025-04-04,4500000788,0000100116,3535.11,USD,Posted
9000000745,F2,2025-12-25,4500000789,0000100128,1280.84,USD,Posted
9000000746,F2,2026-02-13,4500000790,0000100163,53.44,USD,Posted
9000000747,F2,2026-07-30,4500000791,0000100076,2868.04,USD,Posted
9000000748,F2,2025-04-20,4500000792,0000100027,11564.9,USD,Posted
9000000749,F2,2024-12-02,4500000793,0000100033,1941.35,USD,Posted
9000000750,F2,2026-05-12,4500000794,0000100132,33.5,USD,Posted
9000000751,F2,2025-06-03,4500000795,0000100193,7159.66,USD,Posted
9000000752,F2,2024-12-05,4500000796,0000100160,1083.6,USD,Posted
9000000753,F2,2025-04-26,4500000797,0000100042,334.97,USD,Posted
9000000754,G2,2025-05-27,4500000798,0000100053,-56.43,USD,Posted
9000000755,F2,2026-05-23,4500000801,0000100029,1247.36,USD,Posted
9000000756,F2,2025-11-04,4500000802,0000100125,2143.94,USD,Posted
9000000757,F2,2025-08-10,4500000803,0000100038,515.97,USD,Posted
9000000758,F2,2025-10-16,4500000805,0000100002,3149.96,USD,Posted
9000000759,F2,2025-05-23,4500000806,0000100003,1527.93,USD,Posted
9000000760,F2,2026-04-28,4500000807,0000100150,109.55,USD,Posted
9000000761,F2,2025-01-11,4500000808,0000100181,2748.38,USD,Posted
9000000762,F2,2025-04-14,4500000809,0000100095,1711.29,USD,Posted
9000000763,F2,2026-03-25,4500000810,0000100021,1694.4,USD,Posted
9000000764,F2,2026-09-08,4500000811,0000100187,297.36,USD,Posted
9000000765,F2,2025-05-17,4500000813,0000100067,66.6,USD,Posted
9000000766,F2,2026-01-31,4500000814,0000100029,74.74,USD,Posted
9000000767,F2,2026-08-23,4500000815,0000100080,4487.49,USD,Posted
9000000768,F2,2024-10-07,4500000816,0000100153,9274.03,USD,Posted
9000000769,F2,2025-02-09,4500000817,0000100067,232.94,USD,Posted
9000000770,F2,2024-12-23,4500000818,0000100028,213.9,USD,Posted
9000000771,F2,2026-05-22,4500000820,0000100018,328.5,USD,Posted
9000000772,F2,2025-05-21,4500000821,0000100147,1410.38,USD,Posted
9000000773,F2,2026-05-11,4500000822,0000100168,6739.91,USD,Posted
9000000774,F2,2024-09-25,4500000823,0000100075,7355.71,USD,Posted
9000000775,F2,2024-11-22,4500000824,0000100040,1660.0,USD,Posted
9000000776,F2,2026-05-19,4500000826,0000100151,1111.13,USD,Posted
9000000777,F2,2025-12-05,4500000827,0000100091,3591.26,USD,Posted
9000000778,F2,2026-02-11,4500000829,0000100039,371.18,USD,Posted
9000000779,F2,2026-06-20,4500000830,0000100044,4271.42,USD,Posted
9000000780,F2,2025-08-06,4500000831,0000100125,3505.0,USD,Posted
9000000781,F2,2025-09-05,4500000832,0000100023,453.71,USD,Posted
9000000782,F2,2025-02-04,4500000834,0000100101,4149.33,USD,Posted
9000000783,G2,2025-04-08,4500000835,0000100140,-11.42,USD,Posted
9000000784,F2,2026-05-17,4500000836,0000100048,1762.13,USD,Posted
9000000785,F2,2025-03-22,4500000837,0000100181,2405.15,USD,Posted
9000000786,F2,2026-03-28,4500000838,0000100147,2825.23,USD,Posted
9000000787,F2,2024-11-15,4500000839,0000100140,2148.0,USD,Posted
9000000788,G2,2025-02-14,4500000840,0000100199,-1103.87,USD,Posted
9000000789,F2,2025-08-02,4500000841,0000100044,2652.92,USD,Posted
9000000790,F2,2025-10-04,4500000842,0000100120,27823.25,USD,Posted
9000000791,F2,2025-04-11,4500000843,0000100077,5726.63,USD,Posted
9000000792,F2,2024-11-12,4500000844,0000100048,156.5,USD,Posted
9000000793,F2,2024-11-15,4500000845,0000100149,2785.48,USD,Posted
9000000794,F2,2026-05-23,4500000846,0000100082,2822.8,USD,Posted
9000000795,F2,2025-04-26,4500000847,0000100075,5185.21,USD,Posted
9000000796,F2,2025-05-27,4500000848,0000100039,886.56,USD,Posted
9000000797,F2,2026-03-30,4500000849,0000100066,3890.44,USD,Posted
9000000798,F2,2026-02-01,4500000850,0000100061,2860.75,USD,Posted
9000000799,F2,2025-08-09,4500000851,0000100146,655.69,USD,Posted
9000000800,F2,2025-03-17,4500000852,0000100090,2225.07,USD,Posted
9000000801,F2,2025-08-15,4500000853,0000100001,3689.85,USD,Posted
9000000802,F2,2026-05-27,4500000854,0000100099,370.76,USD,Posted
9000000803,F2,2025-12-07,4500000855,0000100165,1468.49,USD,Posted
9000000804,F2,2025-03-29,4500000856,0000100006,5762.92,USD,Posted
9000000805,F2,2025-05-15,4500000857,0000100177,2391.5,USD,Posted
9000000806,S1,2026-03-06,4500000858,0000100047,13649.02,USD,Cancelled
9000000807,F2,2026-07-05,4500000859,0000100160,14859.82,USD,Posted
9000000808,F2,2025-05-01,4500000860,0000100074,518.41,USD,Posted
9000000809,F2,2025-07-26,4500000861,0000100174,115.56,USD,Posted
9000000810,F2,2025-03-11,4500000862,0000100045,3122.86,USD,Posted
9000000811,F2,2025-11-03,4500000863,0000100061,1161.92,USD,Posted
9000000812,F2,2025-10-12,4500000864,0000100037,4253.78,USD,Posted
9000000813,F2,2026-03-27,4500000865,0000100160,4764.9,USD,Posted
9000000814,F2,2026-06-24,4500000866,0000100160,17034.08,USD,Posted
9000000815,F2,2025-09-24,4500000869,0000100135,772.46,USD,Posted
9000000816,F2,2024-11-27,4500000870,0000100091,1351.26,USD,Posted
9000000817,F2,2026-04-23,4500000871,0000100057,4343.46,USD,Posted
9000000818,F2,2024-10-24,4500000872,0000100083,413.07,USD,Posted
9000000819,F2,2024-11-30,4500000873,0000100071,3635.38,USD,Posted
9000000820,F2,2026-01-17,4500000874,0000100124,253.92,USD,Posted
9000000821,F2,2026-04-23,4500000876,0000100096,748.75,USD,Posted
9000000822,F2,2025-03-28,4500000877,0000100191,4641.98,USD,Posted
9000000823,F2,2026-03-12,4500000878,0000100190,641.98,USD,Posted
9000000824,F2,2025-08-09,4500000879,0000100055,2770.94,USD,Posted
9000000825,F2,2024-10-01,4500000880,0000100006,1254.56,USD,Posted
9000000826,F2,2025-06-11,4500000883,0000100091,1089.17,USD,Posted
9000000827,F2,2025-07-20,4500000884,0000100037,1285.06,USD,Posted
9000000828,S1,2024-12-24,4500000885,0000100052,380.26,USD,Cancelled
9000000829,F2,2026-05-03,4500000886,0000100082,412.88,USD,Posted
9000000830,F2,2025-03-18,4500000887,0000100003,1506.18,USD,Posted
9000000831,F2,2025-02-19,4500000888,0000100135,220.32,USD,Posted
9000000832,F2,2026-04-17,4500000889,0000100189,653.72,USD,Posted
9000000833,F2,2025-06-23,4500000890,0000100069,2223.64,USD,Posted
9000000834,F2,2025-12-17,4500000891,0000100079,6747.29,USD,Posted
9000000835,F2,2025-09-30,4500000892,0000100117,3175.52,USD,Posted
9000000836,F2,2025-09-12,4500000893,0000100185,5474.9,USD,Posted
9000000837,F2,2025-12-07,4500000894,0000100066,307.28,USD,Posted
9000000838,G2,2025-09-06,4500000895,0000100047,-642.16,USD,Posted
9000000839,F2,2024-11-10,4500000896,0000100195,4685.4,USD,Posted
9000000840,F2,2025-09-16,4500000897,0000100058,1318.22,USD,Posted
9000000841,F2,2025-10-15,4500000898,0000100009,139.36,USD,Posted
9000000842,F2,2024-09-26,4500000899,0000100005,3900.01,USD,Posted
9000000843,F2,2024-09-16,4500000900,0000100177,2338.98,USD,Posted
9000000844,F2,2026-08-29,4500000901,0000100163,1672.38,USD,Posted
9000000845,F2,2025-05-14,4500000902,0000100093,610.52,USD,Posted
9000000846,F2,2024-12-10,4500000903,0000100089,1431.84,USD,Posted
9000000847,F2,2024-11-28,4500000904,0000100045,1925.83,USD,Posted
9000000848,F2,2025-08-07,4500000905,0000100105,8971.64,USD,Posted
9000000849,F2,2026-06-23,4500000906,0000100167,972.01,USD,Posted
9000000850,F2,2025-09-17,4500000908,0000100159,429.62,USD,Posted
9000000851,F2,2026-03-12,4500000909,0000100074,1207.91,USD,Posted
9000000852,F2,2026-01-25,4500000910,0000100173,5793.23,USD,Posted
9000000853,F2,2026-03-11,4500000911,0000100133,3686.64,USD,Posted
9000000854,F2,2026-07-03,4500000912,0000100023,812.55,USD,Posted
9000000855,F2,2025-06-10,4500000913,0000100035,4213.24,USD,Posted
9000000856,F2,2025-09-15,4500000914,0000100164,2094.44,USD,Posted
9000000857,F2,2026-03-10,4500000915,0000100118,2651.32,USD,Posted
9000000858,S1,2026-03-16,4500000916,0000100009,837.95,USD,Cancelled
9000000859,F2,2026-05-14,4500000917,0000100026,2621.6,USD,Posted
9000000860,F2,2024-11-12,4500000918,0000100113,5257.17,USD,Posted
9000000861,F2,2026-01-26,4500000919,0000100003,1909.3,USD,Posted
9000000862,G2,2026-04-04,4500000920,0000100116,-423.47,USD,Posted
9000000863,F2,2025-12-20,4500000921,0000100078,2831.14,USD,Posted
9000000864,F2,2025-11-25,4500000922,0000100075,204.93,USD,Posted
9000000865,F2,2025-05-01,4500000923,0000100090,7208.36,USD,Posted
9000000866,F2,2025-06-02,4500000924,0000100164,271.83,USD,Posted
9000000867,F2,2025-03-03,4500000925,0000100015,2443.18,USD,Posted
9000000868,F2,2024-09-22,4500000926,0000100098,254.08,USD,Posted
9000000869,G2,2024-11-03,4500000927,0000100150,-32.88,USD,Posted
9000000870,F2,2024-11-06,4500000928,0000100085,821.04,USD,Posted
9000000871,F2,2025-10-12,4500000930,0000100152,1765.36,USD,Posted
9000000872,S1,2026-07-29,4500000931,0000100164,5629.6,USD,Cancelled
9000000873,F2,2026-01-17,4500000933,0000100024,913.08,USD,Posted
9000000874,F2,2026-03-04,4500000934,0000100140,7515.66,USD,Posted
9000000875,G2,2024-10-20,4500000935,0000100112,-493.51,USD,Posted
9000000876,F2,2024-11-25,4500000937,0000100020,172.72,USD,Posted
9000000877,F2,2024-11-18,4500000938,0000100173,536.08,USD,Posted
9000000878,F2,2025-03-27,4500000939,0000100178,1859.07,USD,Posted
9000000879,F2,2026-06-23,4500000940,0000100102,1995.17,USD,Posted
9000000880,F2,2026-03-28,4500000941,0000100107,2137.32,USD,Posted
9000000881,F2,2024-12-29,4500000942,0000100092,1151.84,USD,Posted
9000000882,F2,2025-04-11,4500000943,0000100053,1492.78,USD,Posted
9000000883,F2,2025-06-12,4500000944,0000100079,4059.95,USD,Posted
9000000884,F2,2025-02-26,4500000945,0000100037,1698.31,USD,Posted
9000000885,F2,2025-06-24,4500000947,0000100121,3918.36,USD,Posted
9000000886,F2,2026-04-12,4500000948,0000100151,2332.63,USD,Posted
9000000887,S1,2026-08-16,4500000949,0000100127,1763.48,USD,Cancelled
9000000888,F2,2025-02-11,4500000950,0000100115,540.48,USD,Posted
9000000889,F2,2026-01-24,4500000951,0000100030,223.1,USD,Posted
9000000890,F2,2025-02-06,4500000952,0000100094,676.08,USD,Posted
9000000891,F2,2026-08-30,4500000953,0000100011,857.47,USD,Posted
9000000892,F2,2026-05-30,4500000954,0000100128,1495.72,USD,Posted
9000000893,F2,2026-01-18,4500000955,0000100160,945.97,USD,Posted
9000000894,F2,2026-03-17,4500000956,0000100172,5111.59,USD,Posted
9000000895,F2,2025-05-18,4500000957,0000100171,127.86,USD,Posted
9000000896,F2,2024-10-23,4500000958,0000100000,321.6,USD,Posted
9000000897,F2,2026-01-07,4500000959,0000100026,906.02,USD,Posted
9000000898,F2,2024-09-30,4500000960,0000100151,837.96,USD,Posted
9000000899,F2,2026-07-10,4500000961,0000100123,1182.89,USD,Posted
9000000900,F2,2026-09-03,4500000962,0000100097,26793.2,USD,Posted
9000000901,F2,2026-04-23,4500000963,0000100029,492.89,USD,Posted
9000000902,F2,2025-02-12,4500000964,0000100147,939.69,USD,Posted
9000000903,F2,2024-11-23,4500000965,0000100085,7519.14,USD,Posted
9000000904,F2,2026-02-21,4500000966,0000100121,408.58,USD,Posted
9000000905,F2,2026-07-10,4500000967,0000100169,1269.05,USD,Posted
9000000906,F2,2026-02-08,4500000968,0000100083,283.17,USD,Posted
9000000907,F2,2025-09-01,4500000969,0000100136,726.77,USD,Posted
9000000908,F2,2025-05-03,4500000970,0000100066,2103.91,USD,Posted
9000000909,F2,2025-12-04,4500000971,0000100145,1692.0,USD,Posted
9000000910,F2,2025-05-29,4500000972,0000100113,1769.12,USD,Posted
9000000911,F2,2025-01-10,4500000973,0000100098,5677.25,USD,Posted
9000000912,F2,2025-08-27,4500000974,0000100184,1155.77,USD,Posted
9000000913,F2,2025-11-02,4500000975,0000100126,168.26,USD,Posted
9000000914,S1,2026-01-24,4500000976,0000100157,3352.36,USD,Cancelled
9000000915,F2,2026-02-06,4500000977,0000100156,1826.28,USD,Posted
9000000916,G2,2025-05-11,4500000978,0000100189,-763.15,USD,Posted
9000000917,F2,2025-08-31,4500000979,0000100071,28.98,USD,Posted
9000000918,F2,2026-03-21,4500000980,0000100140,162.46,USD,Posted
9000000919,F2,2026-07-25,4500000981,0000100090,1669.2,USD,Posted
9000000920,F2,2026-02-27,4500000982,0000100161,684.79,USD,Posted
9000000921,F2,2025-09-18,4500000983,0000100096,5412.55,USD,Posted
9000000922,F2,2024-10-04,4500000984,0000100017,1666.25,USD,Posted
9000000923,F2,2025-08-16,4500000985,0000100068,309.3,USD,Posted
9000000924,F2,2025-09-10,4500000986,0000100058,2971.55,USD,Posted
9000000925,F2,2025-10-24,4500000987,0000100157,792.73,USD,Posted
9000000926,F2,2025-10-20,4500000988,0000100126,5724.18,USD,Posted
9000000927,F2,2025-08-21,4500000989,0000100150,4213.21,USD,Posted
9000000928,F2,2025-07-20,4500000990,0000100003,369.8,USD,Posted
9000000929,F2,2025-05-08,4500000992,0000100014,4795.58,USD,Posted
9000000930,F2,2025-05-31,4500000994,0000100003,625.06,USD,Posted
9000000931,S1,2026-06-26,4500000995,0000100032,7.32,USD,Cancelled
9000000932,F2,2026-08-11,4500000996,0000100031,1153.68,USD,Posted
9000000933,F2,2024-12-01,4500000998,0000100022,2976.52,USD,Posted
9000000934,F2,2026-05-04,4500000999,0000100042,4715.0,USD,Posted
9000000935,F2,2026-06-02,4500001000,0000100024,2458.31,USD,Posted
9000000936,F2,2024-10-19,4500001001,0000100177,2006.29,USD,Posted
9000000937,F2,2026-03-07,4500001002,0000100113,674.25,USD,Posted
9000000938,F2,2026-03-22,4500001003,0000100163,2205.35,USD,Posted
9000000939,F2,2025-06-05,4500001004,0000100096,162.8,USD,Posted
9000000940,F2,2025-04-05,4500001005,0000100174,134.9,USD,Posted
9000000941,F2,2024-09-24,4500001006,0000100165,206.22,USD,Posted
9000000942,F2,2026-07-11,4500001007,0000100171,1561.45,USD,Posted
9000000943,F2,2025-06-07,4500001008,0000100056,1194.54,USD,Posted
9000000944,F2,2026-03-27,4500001009,0000100190,1257.51,USD,Posted
9000000945,S1,2025-01-29,4500001010,0000100140,5664.57,USD,Cancelled
9000000946,F2,2026-04-03,4500001011,0000100181,2612.75,USD,Posted
9000000947,F2,2025-04-14,4500001012,0000100141,372.06,USD,Posted
9000000948,F2,2025-11-02,4500001013,0000100162,607.2,USD,Posted
9000000949,F2,2025-03-21,4500001014,0000100180,5117.28,USD,Posted
9000000950,F2,2025-06-27,4500001015,0000100046,3282.58,USD,Posted
9000000951,F2,2025-12-26,4500001016,0000100154,1321.46,USD,Posted
9000000952,F2,2025-01-17,4500001017,0000100153,1124.3,USD,Posted
9000000953,F2,2025-04-30,4500001018,0000100186,4061.38,USD,Posted
9000000954,S1,2025-06-26,4500001019,0000100144,246.24,USD,Cancelled
9000000955,F2,2025-06-28,4500001020,0000100103,754.39,USD,Posted
9000000956,F2,2025-06-30,4500001021,0000100043,211.08,USD,Posted
9000000957,F2,2025-03-17,4500001022,0000100055,5779.12,USD,Posted
9000000958,F2,2024-12-15,4500001023,0000100102,5403.63,USD,Posted
9000000959,F2,2026-03-18,4500001024,0000100125,1019.81,USD,Posted
9000000960,F2,2025-09-13,4500001025,0000100091,325.8,USD,Posted
9000000961,S1,2026-05-05,4500001026,0000100082,2183.46,USD,Cancelled
9000000962,F2,2025-02-16,4500001027,0000100047,804.76,USD,Posted
9000000963,F2,2026-09-11,4500001028,0000100103,1434.12,USD,Posted
9000000964,G2,2024-11-15,4500001029,0000100134,-14.31,USD,Posted
9000000965,G2,2024-10-05,4500001030,0000100121,-50.13,USD,Posted
9000000966,F2,2026-08-21,4500001031,0000100096,1052.4,USD,Posted
9000000967,F2,2025-05-23,4500001032,0000100171,5178.13,USD,Posted
9000000968,F2,2025-09-23,4500001033,0000100188,16285.64,USD,Posted
9000000969,S1,2025-07-07,4500001034,0000100121,70.2,USD,Cancelled
9000000970,F2,2025-02-25,4500001035,0000100012,2840.19,USD,Posted
9000000971,F2,2026-08-04,4500001036,0000100010,718.58,USD,Posted
9000000972,F2,2026-08-01,4500001037,0000100172,287.08,USD,Posted
9000000973,F2,2025-09-14,4500001038,0000100054,8967.52,USD,Posted
9000000974,F2,2025-10-31,4500001039,0000100034,4360.16,USD,Posted
9000000975,S1,2025-06-27,4500001040,0000100019,7859.52,USD,Cancelled
9000000976,F2,2026-03-19,4500001041,0000100107,4735.2,USD,Posted
9000000977,F2,2025-12-02,4500001042,0000100196,1071.65,USD,Posted
9000000978,F2,2025-08-20,4500001043,0000100179,2098.2,USD,Posted
9000000979,F2,2024-11-14,4500001044,0000100178,691.15,USD,Posted
9000000980,F2,2026-06-11,4500001045,0000100157,230.32,USD,Posted
9000000981,F2,2026-01-13,4500001046,0000100027,1919.08,USD,Posted
9000000982,F2,2025-05-05,4500001047,0000100133,2770.72,USD,Posted
9000000983,F2,2026-03-10,4500001048,0000100073,169.5,USD,Posted
9000000984,F2,2025-11-16,4500001049,0000100079,575.28,USD,Posted
9000000985,F2,2024-11-17,4500001050,0000100078,3696.58,USD,Posted
9000000986,F2,2024-12-31,4500001051,0000100017,927.42,USD,Posted
9000000987,F2,2024-10-30,4500001052,0000100041,4119.89,USD,Posted
9000000988,F2,2026-01-19,4500001053,0000100192,5372.9,USD,Posted
9000000989,F2,2025-03-23,4500001054,0000100182,2470.47,USD,Posted
9000000990,F2,2026-04-28,4500001055,0000100003,3606.92,USD,Posted
9000000991,F2,2025-10-06,4500001057,0000100012,466.98,USD,Posted
9000000992,F2,2025-04-14,4500001059,0000100119,338.76,USD,Posted
9000000993,F2,2025-06-16,4500001060,0000100114,918.04,USD,Posted
9000000994,F2,2025-11-21,4500001061,0000100053,318.08,USD,Posted
9000000995,F2,2025-05-18,4500001062,0000100131,16.36,USD,Posted
9000000996,F2,2025-02-18,4500001063,0000100053,9165.67,USD,Posted
9000000997,F2,2025-08-03,4500001064,0000100182,3446.83,USD,Posted
9000000998,F2,2025-02-04,4500001065,0000100154,5180.28,USD,Posted
9000000999,F2,2025-12-26,4500001066,0000100073,1811.7,USD,Posted
9000001000,F2,2025-11-15,4500001067,0000100009,5509.3,USD,Posted
9000001001,F2,2024-11-11,4500001068,0000100027,1459.2,USD,Posted
9000001002,G2,2026-01-14,4500001069,0000100023,-508.53,USD,Posted
9000001003,F2,2026-02-26,4500001070,0000100105,7170.65,USD,Posted
9000001004,F2,2025-01-31,4500001071,0000100198,5206.01,USD,Posted
9000001005,F2,2025-12-20,4500001072,0000100031,2244.38,USD,Posted
9000001006,F2,2026-01-31,4500001073,0000100085,1532.99,USD,Posted
9000001007,F2,2026-03-19,4500001075,0000100163,1900.29,USD,Posted
9000001008,F2,2024-10-25,4500001076,0000100042,745.29,USD,Posted
9000001009,F2,2025-02-13,4500001077,0000100035,2127.36,USD,Posted
9000001010,G2,2025-05-09,4500001078,0000100030,-492.57,USD,Posted
9000001011,F2,2025-04-17,4500001079,0000100080,1060.8,USD,Posted
9000001012,F2,2026-06-07,4500001080,0000100047,3282.73,USD,Posted
9000001013,F2,2025-06-17,4500001081,0000100068,5149.25,USD,Posted
9000001014,S1,2025-11-16,4500001082,0000100097,834.35,USD,Cancelled
9000001015,F2,2025-02-04,4500001083,0000100192,1956.27,USD,Posted
9000001016,F2,2026-03-23,4500001084,0000100025,882.06,USD,Posted
9000001017,F2,2025-10-28,4500001085,0000100074,2425.9,USD,Posted
9000001018,F2,2025-09-18,4500001086,0000100104,3167.93,USD,Posted
9000001019,F2,2025-08-14,4500001088,0000100106,121.55,USD,Posted
9000001020,F2,2025-11-02,4500001089,0000100051,556.37,USD,Posted
9000001021,F2,2024-12-25,4500001090,0000100167,2345.04,USD,Posted
9000001022,F2,2026-02-02,4500001091,0000100137,7779.97,USD,Posted
9000001023,F2,2024-10-30,4500001092,0000100048,1313.36,USD,Posted
9000001024,F2,2025-03-20,4500001093,0000100098,2093.13,USD,Posted
9000001025,F2,2025-07-16,4500001094,0000100067,1466.28,USD,Posted
9000001026,F2,2024-11-22,4500001095,0000100085,2851.14,USD,Posted
9000001027,F2,2025-04-05,4500001096,0000100167,761.3,USD,Posted
9000001028,F2,2026-02-01,4500001098,0000100055,2378.02,USD,Posted
9000001029,F2,2025-06-22,4500001099,0000100103,384.39,USD,Posted
9000001030,F2,2026-04-29,4500001100,0000100133,3784.28,USD,Posted
9000001031,F2,2025-11-21,4500001101,0000100014,4205.43,USD,Posted
9000001032,F2,2026-03-16,4500001102,0000100160,1098.66,USD,Posted
9000001033,F2,2025-09-24,4500001103,0000100164,1287.69,USD,Posted
9000001034,F2,2026-04-15,4500001105,0000100038,2899.25,USD,Posted
9000001035,F2,2026-06-30,4500001106,0000100017,731.55,USD,Posted
9000001036,F2,2025-01-27,4500001107,0000100009,2790.05,USD,Posted
9000001037,F2,2024-10-22,4500001108,0000100028,564.05,USD,Posted
9000001038,F2,2026-07-29,4500001109,0000100037,601.44,USD,Posted
9000001039,F2,2025-11-11,4500001111,0000100007,462.07,USD,Posted
9000001040,F2,2025-08-13,4500001112,0000100036,4760.28,USD,Posted
9000001041,F2,2025-07-29,4500001113,0000100100,2772.46,USD,Posted
9000001042,S1,2025-10-06,4500001114,0000100121,1080.44,USD,Cancelled
9000001043,G2,2026-01-12,4500001115,0000100042,-107.57,USD,Posted
9000001044,F2,2026-01-09,4500001116,0000100000,312.64,USD,Posted
9000001045,F2,2026-01-19,4500001117,0000100178,1148.55,USD,Posted
9000001046,F2,2026-06-28,4500001118,0000100090,12564.72,USD,Posted
9000001047,F2,2025-10-11,4500001119,0000100024,5737.95,USD,Posted
9000001048,F2,2026-06-17,4500001120,0000100114,869.0,USD,Posted
9000001049,F2,2024-12-19,4500001121,0000100084,5175.43,USD,Posted
9000001050,F2,2024-12-09,4500001122,0000100083,2625.5,USD,Posted
9000001051,F2,2024-10-24,4500001123,0000100162,2210.75,USD,Posted
9000001052,S1,2025-11-01,4500001124,0000100034,59.77,USD,Cancelled
9000001053,F2,2025-01-19,4500001126,0000100171,1582.14,USD,Posted
9000001054,F2,2026-02-23,4500001128,0000100131,1123.45,USD,Posted
9000001055,F2,2026-01-02,4500001129,0000100128,3323.54,USD,Posted
9000001056,F2,2025-01-18,4500001130,0000100021,895.85,USD,Posted
9000001057,F2,2024-09-28,4500001131,0000100067,263.12,USD,Posted
9000001058,F2,2024-11-29,4500001132,0000100172,2827.6,USD,Posted
9000001059,F2,2026-04-10,4500001133,0000100010,1302.65,USD,Posted
9000001060,F2,2025-01-30,4500001134,0000100152,786.0,USD,Posted
9000001061,F2,2025-03-01,4500001135,0000100062,240.65,USD,Posted
9000001062,F2,2026-03-08,4500001136,0000100188,3362.22,USD,Posted
9000001063,F2,2025-08-07,4500001137,0000100133,1685.68,USD,Posted
9000001064,F2,2025-05-30,4500001138,0000100186,400.1,USD,Posted
9000001065,G2,2026-03-10,4500001139,0000100092,-401.93,USD,Posted
9000001066,F2,2025-06-11,4500001140,0000100025,36.4,USD,Posted
9000001067,G2,2026-08-04,4500001141,0000100175,-226.14,USD,Posted
9000001068,F2,2024-12-14,4500001142,0000100130,25638.01,USD,Posted
9000001069,F2,2025-11-28,4500001143,0000100010,3289.67,USD,Posted
9000001070,F2,2025-07-20,4500001144,0000100199,228.84,USD,Posted
9000001071,G2,2025-04-28,4500001145,0000100199,-12.35,USD,Posted
9000001072,F2,2024-09-28,4500001146,0000100193,551.79,USD,Posted
9000001073,F2,2025-02-21,4500001147,0000100141,3595.12,USD,Posted
9000001074,F2,2026-02-11,4500001149,0000100104,3025.65,USD,Posted
9000001075,F2,2025-03-20,4500001150,0000100124,390.32,USD,Posted
9000001076,F2,2025-07-07,4500001151,0000100122,1659.5,USD,Posted
9000001077,S1,2025-10-09,4500001152,0000100092,172.9,USD,Cancelled
9000001078,F2,2025-07-20,4500001154,0000100037,1580.54,USD,Posted
9000001079,F2,2025-03-30,4500001155,0000100099,2031.9,USD,Posted
9000001080,F2,2025-08-08,4500001156,0000100157,1493.98,USD,Posted
9000001081,F2,2024-09-25,4500001157,0000100140,5275.76,USD,Posted
9000001082,F2,2026-02-22,4500001158,0000100105,2262.93,USD,Posted
9000001083,S1,2025-11-24,4500001159,0000100182,3066.16,USD,Cancelled
9000001084,F2,2026-02-03,4500001160,0000100022,2481.14,USD,Posted
9000001085,F2,2025-11-30,4500001161,0000100012,8162.68,USD,Posted
9000001086,F2,2026-01-21,4500001162,0000100115,3710.26,USD,Posted
9000001087,F2,2026-07-08,4500001163,0000100161,9430.6,USD,Posted
9000001088,F2,2025-12-20,4500001164,0000100029,5944.29,USD,Posted
9000001089,F2,2025-07-16,4500001165,0000100184,923.06,USD,Posted
9000001090,F2,2026-01-23,4500001166,0000100080,951.52,USD,Posted
9000001091,F2,2025-03-04,4500001167,0000100158,907.0,USD,Posted
9000001092,G2,2026-01-24,4500001168,0000100072,-59.13,USD,Posted
9000001093,F2,2026-03-18,4500001169,0000100050,4873.04,USD,Posted
9000001094,F2,2025-07-15,4500001170,0000100041,3145.08,USD,Posted
9000001095,F2,2026-05-19,4500001171,0000100033,3612.21,USD,Posted
9000001096,F2,2026-02-16,4500001172,0000100091,3525.38,USD,Posted
9000001097,F2,2026-04-02,4500001173,0000100028,899.3,USD,Posted
9000001098,F2,2025-08-29,4500001175,0000100115,3096.0,USD,Posted
9000001099,F2,2024-11-04,4500001176,0000100081,2325.14,USD,Posted
9000001100,F2,2025-07-12,4500001177,0000100068,6412.0,USD,Posted
9000001101,F2,2025-08-31,4500001178,0000100003,568.0,USD,Posted
9000001102,S1,2026-05-10,4500001179,0000100187,1754.57,USD,Cancelled
9000001103,F2,2024-12-01,4500001180,0000100189,564.78,USD,Posted
9000001104,S1,2025-11-19,4500001182,0000100136,6561.48,USD,Cancelled
9000001105,F2,2025-07-30,4500001183,0000100025,2687.22,USD,Posted
9000001106,F2,2025-11-22,4500001184,0000100161,6201.87,USD,Posted
9000001107,F2,2025-10-25,4500001185,0000100001,3306.96,USD,Posted
9000001108,F2,2025-10-23,4500001186,0000100158,3647.97,USD,Posted
9000001109,F2,2025-08-16,4500001187,0000100123,1769.55,USD,Posted
9000001110,F2,2026-04-06,4500001188,0000100055,2990.5,USD,Posted
9000001111,F2,2026-06-25,4500001189,0000100139,1467.88,USD,Posted
9000001112,F2,2025-08-23,4500001190,0000100066,4000.58,USD,Posted
9000001113,F2,2025-04-24,4500001191,0000100167,1210.95,USD,Posted
9000001114,F2,2026-08-13,4500001192,0000100140,536.64,USD,Posted
9000001115,F2,2025-07-04,4500001193,0000100035,1758.08,USD,Posted
9000001116,F2,2025-05-23,4500001194,0000100022,4316.4,USD,Posted
9000001117,F2,2026-06-30,4500001195,0000100174,6515.2,USD,Posted
9000001118,S1,2025-02-04,4500001196,0000100170,452.01,USD,Cancelled
9000001119,F2,2025-04-24,4500001197,0000100107,250.39,USD,Posted
9000001120,F2,2025-12-02,4500001198,0000100113,2379.21,USD,Posted
9000001121,F2,2026-05-14,4500001199,0000100079,11256.47,USD,Posted
9000001122,F2,2025-01-08,4500001200,0000100022,714.76,USD,Posted
9000001123,F2,2025-12-20,4500001201,0000100181,68.96,USD,Posted
9000001124,F2,2024-10-08,4500001202,0000100188,5381.72,USD,Posted
9000001125,F2,2025-01-11,4500001203,0000100095,1237.25,USD,Posted
9000001126,F2,2025-11-20,4500001204,0000100186,3319.84,USD,Posted
9000001127,G2,2025-06-08,4500001205,0000100172,-34.25,USD,Posted
9000001128,F2,2026-05-15,4500001206,0000100071,4665.8,USD,Posted
9000001129,F2,2025-05-17,4500001207,0000100125,394.56,USD,Posted
9000001130,F2,2026-08-03,4500001208,0000100072,33.52,USD,Posted
9000001131,F2,2025-03-16,4500001209,0000100095,5650.25,USD,Posted
9000001132,F2,2025-07-21,4500001210,0000100183,2701.38,USD,Posted
9000001133,F2,2026-04-12,4500001211,0000100180,623.22,USD,Posted
9000001134,G2,2026-06-05,4500001212,0000100182,-917.52,USD,Posted
9000001135,F2,2025-04-15,4500001213,0000100063,1595.68,USD,Posted
9000001136,F2,2026-02-09,4500001214,0000100106,607.67,USD,Posted
9000001137,F2,2025-06-17,4500001215,0000100188,645.81,USD,Posted
9000001138,F2,2025-04-27,4500001216,0000100031,1118.81,USD,Posted
9000001139,F2,2025-11-01,4500001217,0000100139,2784.68,USD,Posted
9000001140,F2,2026-04-08,4500001218,0000100086,4910.95,USD,Posted
9000001141,F2,2024-12-21,4500001219,0000100028,6015.14,USD,Posted
9000001142,F2,2025-04-06,4500001220,0000100030,2555.32,USD,Posted
9000001143,F2,2025-08-16,4500001221,0000100095,861.28,USD,Posted
9000001144,F2,2025-03-21,4500001222,0000100039,2558.2,USD,Posted
9000001145,F2,2025-01-10,4500001223,0000100030,4413.69,USD,Posted
9000001146,F2,2025-04-01,4500001224,0000100101,2454.67,USD,Posted
9000001147,F2,2026-04-22,4500001225,0000100191,4848.36,USD,Posted
9000001148,F2,2025-02-13,4500001226,0000100178,4096.91,USD,Posted
9000001149,F2,2025-10-17,4500001227,0000100112,3733.15,USD,Posted
9000001150,F2,2025-10-24,4500001228,0000100057,5156.88,USD,Posted
9000001151,F2,2026-09-08,4500001230,0000100102,2575.01,USD,Posted
9000001152,F2,2025-09-05,4500001231,0000100111,1685.89,USD,Posted
9000001153,F2,2026-06-04,4500001232,0000100018,5854.97,USD,Posted
9000001154,F2,2026-08-06,4500001233,0000100185,2129.65,USD,Posted
9000001155,F2,2026-05-16,4500001234,0000100059,286.86,USD,Posted
9000001156,F2,2024-12-08,4500001235,0000100196,1449.25,USD,Posted
9000001157,F2,2025-11-19,4500001236,0000100086,3551.76,USD,Posted
9000001158,F2,2025-10-25,4500001237,0000100103,5268.15,USD,Posted
9000001159,F2,2026-01-12,4500001238,0000100194,1493.22,USD,Posted
9000001160,F2,2025-11-16,4500001239,0000100038,1183.82,USD,Posted
9000001161,F2,2025-07-05,4500001240,0000100052,7933.32,USD,Posted
9000001162,F2,2025-07-16,4500001241,0000100088,651.18,USD,Posted
9000001163,F2,2025-10-04,4500001243,0000100093,3047.14,USD,Posted
9000001164,F2,2025-07-07,4500001244,0000100144,4814.14,USD,Posted
9000001165,F2,2025-12-25,4500001245,0000100033,510.72,USD,Posted
9000001166,F2,2025-10-21,4500001246,0000100081,1977.32,USD,Posted
9000001167,F2,2026-05-01,4500001247,0000100144,216.63,USD,Posted
9000001168,F2,2026-06-19,4500001248,0000100076,5315.68,USD,Posted
9000001169,S1,2025-04-06,4500001249,0000100064,92.4,USD,Cancelled
9000001170,F2,2026-06-12,4500001250,0000100059,2884.74,USD,Posted
9000001171,F2,2025-01-15,4500001251,0000100073,6009.39,USD,Posted
9000001172,G2,2025-01-03,4500001252,0000100012,-227.8,USD,Posted
9000001173,F2,2025-05-06,4500001253,0000100046,3698.53,USD,Posted
9000001174,G2,2025-08-24,4500001254,0000100057,-112.58,USD,Posted
9000001175,F2,2026-06-04,4500001255,0000100078,1892.19,USD,Posted
9000001176,F2,2025-06-03,4500001256,0000100069,2318.45,USD,Posted
9000001177,F2,2025-06-21,4500001257,0000100074,3796.39,USD,Posted
9000001178,F2,2026-05-01,4500001258,0000100029,1260.37,USD,Posted
9000001179,F2,2024-12-07,4500001260,0000100125,4951.47,USD,Posted
9000001180,G2,2025-04-15,4500001261,0000100017,-1515.41,USD,Posted
9000001181,F2,2025-02-07,4500001262,0000100104,923.9,USD,Posted
9000001182,F2,2025-11-09,4500001264,0000100141,29.1,USD,Posted
9000001183,F2,2025-02-19,4500001266,0000100107,10065.08,USD,Posted
9000001184,F2,2026-06-12,4500001267,0000100041,2549.14,USD,Posted
9000001185,F2,2024-12-16,4500001268,0000100025,8652.48,USD,Posted
9000001186,F2,2026-04-30,4500001269,0000100041,12107.55,USD,Posted
9000001187,F2,2025-04-05,4500001270,0000100196,11501.75,USD,Posted
9000001188,F2,2026-05-01,4500001271,0000100080,3354.11,USD,Posted
9000001189,F2,2025-08-24,4500001272,0000100073,13.62,USD,Posted
9000001190,F2,2025-09-07,4500001273,0000100010,5983.52,USD,Posted
9000001191,F2,2025-12-29,4500001275,0000100114,291.9,USD,Posted
9000001192,F2,2026-08-21,4500001276,0000100112,1386.57,USD,Posted
9000001193,F2,2025-08-18,4500001277,0000100198,8929.93,USD,Posted
9000001194,F2,2025-10-09,4500001278,0000100040,4721.94,USD,Posted
9000001195,F2,2024-11-21,4500001280,0000100038,4249.2,USD,Posted
9000001196,F2,2026-01-19,4500001281,0000100165,2411.86,USD,Posted
9000001197,F2,2025-07-06,4500001282,0000100082,1535.74,USD,Posted
9000001198,F2,2026-07-25,4500001283,0000100016,49.69,USD,Posted
9000001199,F2,2025-04-26,4500001284,0000100001,2004.77,USD,Posted
9000001200,F2,2024-11-06,4500001285,0000100050,52.92,USD,Posted
9000001201,F2,2026-09-01,4500001286,0000100042,26.85,USD,Posted
9000001202,F2,2026-03-20,4500001287,0000100109,152.14,USD,Posted
9000001203,F2,2026-07-06,4500001288,0000100155,532.3,USD,Posted
9000001204,F2,2025-05-20,4500001289,0000100094,2175.52,USD,Posted
9000001205,F2,2026-05-24,4500001291,0000100107,1785.34,USD,Posted
9000001206,F2,2025-03-21,4500001292,0000100178,507.68,USD,Posted
9000001207,F2,2026-07-21,4500001293,0000100009,5363.0,USD,Posted
9000001208,F2,2025-08-11,4500001294,0000100147,391.02,USD,Posted
9000001209,F2,2025-02-14,4500001295,0000100020,684.4,USD,Posted
9000001210,F2,2026-05-28,4500001296,0000100019,2436.0,USD,Posted
9000001211,F2,2026-04-22,4500001297,0000100066,1012.98,USD,Posted
9000001212,F2,2024-12-13,4500001299,0000100024,796.2,USD,Posted
9000001213,F2,2026-09-01,4500001300,0000100061,1391.3,USD,Posted
9000001214,F2,2026-07-01,4500001301,0000100054,675.79,USD,Posted
9000001215,F2,2026-07-18,4500001302,0000100075,3629.49,USD,Posted
9000001216,F2,2026-09-09,4500001303,0000100064,3440.29,USD,Posted
9000001217,F2,2026-04-12,4500001305,0000100056,1469.27,USD,Posted
9000001218,S1,2025-04-06,4500001306,0000100056,2633.66,USD,Cancelled
9000001219,S1,2026-03-26,4500001307,0000100090,274.26,USD,Cancelled
9000001220,F2,2025-12-11,4500001308,0000100090,2679.47,USD,Posted
9000001221,F2,2025-07-30,4500001309,0000100103,212.64,USD,Posted
9000001222,F2,2025-10-19,4500001310,0000100112,1269.38,USD,Posted
9000001223,F2,2025-11-24,4500001312,0000100147,1510.63,USD,Posted
9000001224,F2,2025-08-28,4500001313,0000100075,9919.58,USD,Posted
9000001225,F2,2025-01-19,4500001314,0000100152,2725.52,USD,Posted
9000001226,G2,2025-08-19,4500001315,0000100151,-2052.26,USD,Posted
9000001227,F2,2026-08-08,4500001316,0000100179,1558.05,USD,Posted
9000001228,S1,2025-11-07,4500001317,0000100150,1654.42,USD,Cancelled
9000001229,F2,2025-10-12,4500001318,0000100178,4588.63,USD,Posted
9000001230,F2,2026-09-06,4500001319,0000100152,4029.08,USD,Posted
9000001231,F2,2026-03-04,4500001320,0000100019,2814.63,USD,Posted
9000001232,F2,2026-05-12,4500001321,0000100183,1156.73,USD,Posted
9000001233,F2,2025-08-05,4500001322,0000100159,1147.32,USD,Posted
9000001234,F2,2026-02-03,4500001323,0000100079,3262.63,USD,Posted
9000001235,F2,2026-04-23,4500001324,0000100120,2863.4,USD,Posted
9000001236,F2,2026-07-29,4500001325,0000100075,2999.35,USD,Posted
9000001237,S1,2025-10-12,4500001326,0000100047,1172.96,USD,Cancelled
9000001238,G2,2024-10-13,4500001327,0000100153,-949.16,USD,Posted
9000001239,F2,2025-05-23,4500001328,0000100118,628.32,USD,Posted
9000001240,S1,2025-10-10,4500001329,0000100008,1662.5,USD,Cancelled
9000001241,F2,2024-10-24,4500001330,0000100047,2856.03,USD,Posted
9000001242,F2,2025-04-24,4500001331,0000100064,1944.69,USD,Posted
9000001243,G2,2025-06-26,4500001332,0000100141,-535.91,USD,Posted
9000001244,F2,2024-09-27,4500001333,0000100117,3170.52,USD,Posted
9000001245,F2,2025-07-13,4500001334,0000100114,217.0,USD,Posted
9000001246,F2,2026-06-18,4500001335,0000100022,401.52,USD,Posted
9000001247,F2,2026-03-01,4500001336,0000100129,1044.12,USD,Posted
9000001248,F2,2026-09-09,4500001337,0000100084,1808.36,USD,Posted
9000001249,F2,2026-02-25,4500001338,0000100161,2253.38,USD,Posted
9000001250,S1,2026-08-04,4500001339,0000100051,5742.53,USD,Cancelled
9000001251,F2,2025-04-03,4500001340,0000100190,2328.11,USD,Posted
9000001252,F2,2026-07-20,4500001341,0000100025,55.1,USD,Posted
9000001253,G2,2026-08-12,4500001342,0000100121,-120.5,USD,Posted
9000001254,F2,2025-04-17,4500001343,0000100045,13938.77,USD,Posted
9000001255,S1,2025-05-12,4500001344,0000100065,746.16,USD,Cancelled
9000001256,F2,2026-06-16,4500001345,0000100168,804.0,USD,Posted
9000001257,G2,2026-05-16,4500001346,0000100044,-159.45,USD,Posted
9000001258,F2,2026-02-09,4500001347,0000100196,6212.1,USD,Posted
9000001259,F2,2026-06-19,4500001348,0000100110,103.11,USD,Posted
9000001260,F2,2025-08-10,4500001349,0000100198,2010.57,USD,Posted
9000001261,F2,2026-08-28,4500001350,0000100116,3218.35,USD,Posted
9000001262,F2,2025-03-02,4500001351,0000100019,1525.2,USD,Posted
9000001263,F2,2026-02-06,4500001352,0000100106,527.61,USD,Posted
9000001264,S1,2024-10-14,4500001353,0000100175,6055.3,USD,Cancelled
9000001265,F2,2024-09-21,4500001354,0000100163,4981.39,USD,Posted
9000001266,F2,2024-11-07,4500001355,0000100014,733.75,USD,Posted
9000001267,S1,2025-10-13,4500001356,0000100134,2381.23,USD,Cancelled
9000001268,F2,2026-04-13,4500001357,0000100133,223.65,USD,Posted
9000001269,F2,2026-06-02,4500001358,0000100184,471.84,USD,Posted
9000001270,F2,2025-11-26,4500001359,0000100094,183.34,USD,Posted
9000001271,F2,2025-06-14,4500001360,0000100062,3561.05,USD,Posted
9000001272,F2,2026-07-19,4500001361,0000100033,324.99,USD,Posted
9000001273,F2,2025-09-18,4500001362,0000100006,662.05,USD,Posted
9000001274,F2,2026-04-20,4500001363,0000100078,2781.44,USD,Posted
9000001275,F2,2026-08-27,4500001364,0000100194,7239.52,USD,Posted
9000001276,F2,2025-03-14,4500001365,0000100184,361.43,USD,Posted
9000001277,F2,2025-06-22,4500001366,0000100124,1900.21,USD,Posted
9000001278,G2,2026-06-16,4500001367,0000100076,-473.15,USD,Posted
9000001279,G2,2025-11-13,4500001368,0000100143,-2529.22,USD,Posted
9000001280,F2,2026-07-04,4500001369,0000100128,1581.05,USD,Posted
9000001281,F2,2024-09-27,4500001370,0000100136,3281.66,USD,Posted
9000001282,F2,2026-05-08,4500001371,0000100107,2331.78,USD,Posted
9000001283,G2,2026-01-17,4500001372,0000100063,-72.41,USD,Posted
9000001284,F2,2025-12-28,4500001373,0000100084,329.25,USD,Posted
9000001285,F2,2024-12-29,4500001374,0000100197,4082.6,USD,Posted
9000001286,F2,2025-05-21,4500001375,0000100058,934.2,USD,Posted
9000001287,F2,2026-07-15,4500001376,0000100054,63.65,USD,Posted
9000001288,F2,2025-07-09,4500001377,0000100071,2887.85,USD,Posted
9000001289,F2,2026-07-12,4500001378,0000100014,1756.93,USD,Posted
9000001290,F2,2025-05-30,4500001379,0000100103,2494.97,USD,Posted
9000001291,F2,2025-12-16,4500001380,0000100079,3913.68,USD,Posted
9000001292,F2,2026-01-19,4500001381,0000100177,1606.96,USD,Posted
9000001293,F2,2025-01-23,4500001382,0000100110,869.5,USD,Posted
9000001294,F2,2024-12-27,4500001384,0000100145,271.29,USD,Posted
9000001295,F2,2025-02-13,4500001386,0000100137,1041.96,USD,Posted
9000001296,F2,2024-09-30,4500001388,0000100014,1477.58,USD,Posted
9000001297,F2,2026-02-08,4500001390,0000100002,13026.73,USD,Posted
9000001298,F2,2026-02-08,4500001391,0000100050,590.75,USD,Posted
9000001299,F2,2026-01-06,4500001392,0000100194,203.56,USD,Posted
9000001300,F2,2024-10-03,4500001393,0000100071,677.23,USD,Posted
9000001301,F2,2025-09-04,4500001394,0000100088,2990.44,USD,Posted
9000001302,F2,2026-02-26,4500001395,0000100157,1375.39,USD,Posted
9000001303,F2,2025-02-23,4500001396,0000100116,6009.06,USD,Posted
9000001304,F2,2025-03-16,4500001397,0000100172,4239.42,USD,Posted
9000001305,F2,2024-10-20,4500001399,0000100007,2015.52,USD,Posted
9000001306,F2,2026-05-21,4500001400,0000100128,2310.66,USD,Posted
9000001307,F2,2025-03-06,4500001402,0000100143,1946.82,USD,Posted
9000001308,F2,2025-08-04,4500001403,0000100124,23.88,USD,Posted
9000001309,F2,2025-01-06,4500001404,0000100029,5201.13,USD,Posted
9000001310,F2,2026-06-10,4500001405,0000100070,518.24,USD,Posted
9000001311,F2,2026-09-06,4500001406,0000100030,582.37,USD,Posted
9000001312,F2,2025-09-18,4500001407,0000100067,1651.51,USD,Posted
9000001313,F2,2025-03-07,4500001409,0000100096,7092.93,USD,Posted
9000001314,F2,2025-10-07,4500001410,0000100164,4048.16,USD,Posted
9000001315,F2,2026-07-02,4500001411,0000100013,1219.68,USD,Posted
9000001316,F2,2025-01-14,4500001412,0000100062,926.91,USD,Posted
9000001317,F2,2025-11-21,4500001413,0000100128,357.21,USD,Posted
9000001318,F2,2025-08-19,4500001414,0000100033,1849.95,USD,Posted
9000001319,F2,2026-08-13,4500001416,0000100121,1260.85,USD,Posted
9000001320,F2,2025-03-24,4500001417,0000100093,2032.92,USD,Posted
9000001321,F2,2026-05-28,4500001418,0000100168,2199.26,USD,Posted
9000001322,F2,2025-10-26,4500001419,0000100178,1770.5,USD,Posted
9000001323,G2,2025-05-19,4500001420,0000100114,-574.36,USD,Posted
9000001324,F2,2026-05-02,4500001421,0000100002,1583.45,USD,Posted
9000001325,F2,2025-08-24,4500001422,0000100137,3564.45,USD,Posted
9000001326,F2,2026-05-16,4500001423,0000100003,1102.2,USD,Posted
9000001327,F2,2025-02-24,4500001424,0000100045,7934.57,USD,Posted
9000001328,F2,2025-07-07,4500001425,0000100044,2231.04,USD,Posted
9000001329,F2,2026-02-07,4500001428,0000100134,4715.2,USD,Posted
9000001330,F2,2026-02-14,4500001429,0000100046,6435.66,USD,Posted
9000001331,F2,2025-10-31,4500001430,0000100156,456.75,USD,Posted
9000001332,F2,2025-12-26,4500001431,0000100058,547.95,USD,Posted
9000001333,F2,2025-05-07,4500001432,0000100116,622.87,USD,Posted
9000001334,F2,2025-06-25,4500001433,0000100058,6809.49,USD,Posted
9000001335,F2,2026-03-03,4500001434,0000100053,10887.94,USD,Posted
9000001336,G2,2025-02-24,4500001435,0000100068,-134.61,USD,Posted
9000001337,F2,2024-12-26,4500001436,0000100133,2901.89,USD,Posted
9000001338,F2,2026-07-03,4500001437,0000100176,1637.96,USD,Posted
9000001339,F2,2025-03-19,4500001438,0000100034,1438.66,USD,Posted
9000001340,F2,2025-01-19,4500001439,0000100170,670.68,USD,Posted
9000001341,S1,2025-11-04,4500001440,0000100127,258.86,USD,Cancelled
9000001342,F2,2025-01-30,4500001441,0000100109,7147.47,USD,Posted
9000001343,F2,2025-03-15,4500001442,0000100179,514.91,USD,Posted
9000001344,G2,2025-09-28,4500001444,0000100007,-168.17,USD,Posted
9000001345,F2,2026-05-03,4500001445,0000100115,596.0,USD,Posted
9000001346,F2,2026-02-11,4500001446,0000100055,95.52,USD,Posted
9000001347,F2,2025-08-16,4500001448,0000100002,2110.63,USD,Posted
9000001348,F2,2024-12-09,4500001449,0000100077,1119.51,USD,Posted
9000001349,F2,2025-05-17,4500001450,0000100070,22.76,USD,Posted
9000001350,G2,2026-03-13,4500001451,0000100043,-110.9,USD,Posted
9000001351,F2,2026-05-03,4500001452,0000100156,133.57,USD,Posted
9000001352,F2,2025-09-04,4500001453,0000100038,307.84,USD,Posted
9000001353,F2,2025-11-14,4500001454,0000100151,557.49,USD,Posted
9000001354,F2,2025-10-10,4500001455,0000100172,531.83,USD,Posted
9000001355,F2,2025-01-16,4500001456,0000100005,1111.04,USD,Posted
9000001356,F2,2026-07-29,4500001457,0000100024,5631.93,USD,Posted
9000001357,F2,2025-04-01,4500001458,0000100167,1794.09,USD,Posted
9000001358,F2,2026-02-03,4500001459,0000100148,4631.46,USD,Posted
9000001359,F2,2025-01-18,4500001460,0000100046,6522.21,USD,Posted
9000001360,F2,2026-01-16,4500001461,0000100178,179.34,USD,Posted
9000001361,F2,2025-04-22,4500001462,0000100059,1208.68,USD,Posted
9000001362,F2,2025-06-01,4500001463,0000100100,3919.86,USD,Posted
9000001363,F2,2025-01-26,4500001464,0000100072,1299.86,USD,Posted
9000001364,F2,2026-09-02,4500001465,0000100185,2722.96,USD,Posted
9000001365,F2,2026-08-16,4500001466,0000100043,3417.1,USD,Posted
9000001366,F2,2025-02-17,4500001467,0000100073,461.51,USD,Posted
9000001367,F2,2025-09-22,4500001468,0000100069,4523.55,USD,Posted
9000001368,F2,2025-07-12,4500001469,0000100157,14484.09,USD,Posted
9000001369,F2,2024-09-24,4500001470,0000100182,2547.39,USD,Posted
9000001370,F2,2026-08-28,4500001471,0000100153,19.26,USD,Posted
9000001371,S1,2026-04-23,4500001472,0000100004,1268.13,USD,Cancelled
9000001372,F2,2024-11-04,4500001473,0000100012,434.7,USD,Posted
9000001373,F2,2025-11-17,4500001474,0000100040,585.9,USD,Posted
9000001374,F2,2024-09-27,4500001475,0000100052,2131.98,USD,Posted
9000001375,F2,2025-06-06,4500001476,0000100062,1136.31,USD,Posted
9000001376,F2,2025-03-07,4500001477,0000100072,1851.32,USD,Posted
9000001377,F2,2025-01-14,4500001478,0000100117,238.92,USD,Posted
9000001378,F2,2025-01-26,4500001479,0000100030,2872.92,USD,Posted
9000001379,F2,2026-09-10,4500001480,0000100147,1668.66,USD,Posted
9000001380,S1,2026-03-15,4500001481,0000100070,1503.15,USD,Cancelled
9000001381,F2,2026-08-05,4500001482,0000100182,1994.02,USD,Posted
9000001382,F2,2025-01-08,4500001483,0000100097,3966.16,USD,Posted
9000001383,F2,2025-06-29,4500001484,0000100166,3389.53,USD,Posted
9000001384,F2,2025-01-22,4500001485,0000100010,4413.74,USD,Posted
9000001385,F2,2025-09-12,4500001486,0000100036,1304.3,USD,Posted
9000001386,F2,2025-06-18,4500001487,0000100020,603.5,USD,Posted
9000001387,F2,2025-01-11,4500001488,0000100103,2572.79,USD,Posted
9000001388,F2,2025-11-18,4500001489,0000100066,784.08,USD,Posted
9000001389,G2,2024-11-24,4500001490,0000100013,-209.68,USD,Posted
9000001390,F2,2025-05-19,4500001491,0000100182,636.6,USD,Posted
9000001391,F2,2025-10-06,4500001492,0000100151,1542.94,USD,Posted
9000001392,F2,2025-06-16,4500001493,0000100164,4055.84,USD,Posted
9000001393,F2,2025-01-21,4500001494,0000100029,269.78,USD,Posted
9000001394,F2,2025-10-28,4500001495,0000100161,2700.54,USD,Posted
9000001395,F2,2026-07-12,4500001496,0000100082,1225.36,USD,Posted
9000001396,F2,2026-05-15,4500001497,0000100150,2361.29,USD,Posted
9000001397,F2,2026-02-18,4500001498,0000100081,1088.69,USD,Posted
9000001398,G2,2026-03-16,4500001499,0000100034,-461.2,USD,Posted
