VBELN,ERDAT,AUART,VKORG,VTWEG,SPART,KUNNR,NETWR,WAERK,STATUS
4500000000,2024-10-11,OR,1000,20,01,0000100068,6275.47,USD,Billed
4500000001,2026-02-03,OR,2000,20,00,0000100153,2261.15,USD,Cancelled
4500000002,2024-12-27,OR,2000,20,02,0000100153,518.71,USD,Billed
4500000003,2025-08-17,OR,1000,20,02,0000100108,1375.67,USD,Billed
4500000004,2026-01-16,OR,2000,10,01,0000100016,36.79,USD,Cancelled
4500000005,2026-04-15,OR,3000,20,02,0000100123,5690.8,USD,Billed
4500000006,2025-08-10,OR,1000,20,01,0000100008,2302.14,USD,Billed
4500000007,2025-09-12,OR,1000,10,00,0000100071,1175.32,USD,Billed
4500000008,2024-09-27,OR,2000,20,02,0000100177,1086.8,USD,Billed
4500000009,2025-07-26,ZOR,3000,12,00,0000100165,32.5,USD,Billed
4500000010,2025-06-12,ZOR,3000,12,02,0000100124,5578.07,USD,Billed
4500000011,2026-05-29,OR,1000,20,02,0000100021,4979.83,USD,Billed
4500000012,2025-10-17,OR,2000,20,01,0000100190,3297.84,USD,Billed
4500000013,2026-03-19,OR,2000,12,02,0000100129,25923.81,USD,Billed
4500000014,2025-07-27,OR,1000,10,01,0000100061,2315.24,USD,Billed
4500000015,2025-01-19,ZOR,1000,12,00,0000100023,529.6,USD,Billed
4500000016,2026-05-27,CS,2000,10,01,0000100073,3579.24,USD,Cancelled
4500000017,2026-05-05,OR,1000,20,02,0000100097,143.44,USD,Billed
4500000018,2025-06-14,OR,1000,12,01,0000100166,877.14,USD,Billed
4500000019,2024-11-21,CS,3000,10,02,0000100075,8728.12,USD,Billed
4500000020,2025-09-22,OR,3000,10,02,0000100197,2837.95,USD,Cancelled
4500000021,2025-09-10,OR,3000,20,01,0000100047,2466.32,USD,Billed
4500000022,2026-03-31,CS,2000,20,01,0000100149,2213.88,USD,Billed
4500000023,2025-11-23,OR,3000,20,02,0000100028,2069.19,USD,Billed
4500000024,2025-09-18,OR,2000,20,01,0000100095,6615.13,USD,Billed
4500000025,2025-11-07,OR,1000,20,02,0000100086,492.16,USD,Billed
4500000026,2025-06-15,OR,3000,12,02,0000100079,1959.96,USD,Billed
4500000027,2024-10-18,OR,2000,12,00,0000100105,42.57,USD,Billed
4500000028,2024-10-27,OR,3000,10,02,0000100145,3396.39,USD,Billed
4500000029,2026-08-02,RE,1000,12,00,0000100013,8780.88,USD,Billed
4500000030,2026-05-19,OR,2000,20,01,0000100088,3935.96,USD,Billed
4500000031,2025-04-17,OR,3000,10,00,0000100012,1493.36,USD,Billed
4500000032,2026-06-24,OR,1000,12,02,0000100163,4800.56,USD,Billed
4500000033,2025-09-29,RE,1000,20,01,0000100179,120.95,USD,Billed
4500000034,2024-11-27,OR,1000,10,02,0000100090,6991.08,USD,Billed
4500000035,2026-05-31,OR,2000,20,02,0000100153,3924.29,USD,Billed
4500000036,2025-11-14,OR,3000,12,02,0000100198,1330.29,USD,Billed
4500000037,2026-07-26,RE,1000,10,01,0000100000,4286.47,USD,Billed
4500000038,2026-01-22,ZOR,3000,10,01,0000100009,1570.69,USD,Billed
4500000039,2024-11-20,OR,2000,20,01,0000100065,2901.5,USD,Billed
4500000040,2025-12-12,OR,2000,12,01,0000100188,1099.4,USD,Billed
4500000041,2026-04-11,OR,2000,12,01,0000100019,3443.26,USD,Billed
4500000042,2026-07-02,CS,2000,10,00,0000100087,4652.15,USD,Billed
4500000043,2025-05-13,OR,1000,12,00,0000100133,1383.91,USD,Billed
4500000044,2025-10-04,OR,3000,20,02,0000100140,3278.75,USD,Billed
4500000045,2026-02-07,OR,3000,12,01,0000100185,7.32,USD,Billed
4500000046,2025-01-12,OR,2000,20,00,0000100129,72.85,USD,Billed
4500000047,2026-05-26,ZOR,1000,20,00,0000100071,109.44,USD,Billed
4500000048,2026-04-06,OR,3000,20,01,0000100192,1604.74,USD,Billed
4500000049,2024-10-19,OR,3000,20,01,0000100107,2080.65,USD,Billed
4500000050,2025-11-19,OR,1000,12,00,0000100076,6214.56,USD,Billed
4500000051,2025-06-09,OR,1000,12,00,0000100134,4616.67,USD,Billed
4500000052,2025-01-26,OR,1000,12,00,0000100062,1298.59,USD,Billed
4500000053,2025-11-28,OR,2000,10,01,0000100073,50.32,USD,Billed
4500000054,2026-08-22,OR,1000,12,00,0000100051,5856.6,USD,Billed
4500000055,2025-10-21,OR,1000,10,00,0000100106,336.69,USD,Billed
4500000056,2024-12-04,OR,1000,12,00,0000100118,3189.67,USD,Billed
4500000057,2025-09-09,OR,1000,20,00,0000100053,6008.77,USD,Billed
4500000058,2026-04-05,OR,2000,20,00,0000100182,6111.98,USD,Billed
4500000059,2026-08-12,OR,3000,10,01,0000100040,129.77,USD,Billed
4500000060,2026-02-17,OR,2000,10,00,0000100122,9453.83,USD,Billed
4500000061,2024-10-13,OR,3000,20,02,0000100052,186.29,USD,Billed
4500000062,2026-08-20,RE,1000,20,01,0000100054,5150.72,USD,Billed
4500000063,2025-11-26,CS,1000,10,01,0000100045,444.62,USD,Billed
4500000064,2024-11-13,OR,1000,12,01,0000100171,2816.34,USD,Billed
4500000065,2024-12-14,OR,2000,20,02,0000100160,3086.0,USD,Billed
4500000066,2024-11-15,OR,3000,12,01,0000100044,2400.48,USD,Billed
4500000067,2026-01-11,OR,2000,20,00,0000100180,7480.99,USD,Billed
4500000068,2025-01-03,OR,1000,20,02,0000100128,3750.24,USD,Billed
4500000069,2026-04-26,OR,2000,10,02,0000100164,370.8,USD,Billed
4500000070,2024-12-01,CS,1000,10,00,0000100089,68.24,USD,Billed
4500000071,2025-10-09,ZOR,3000,12,00,0000100154,15115.07,USD,Billed
4500000072,2025-08-02,OR,3000,10,00,0000100137,230.58,USD,Billed
4500000073,2024-10-10,OR,2000,20,00,0000100034,354.06,USD,Billed
4500000074,2024-09-14,OR,2000,20,00,0000100028,1149.6,USD,Billed
4500000075,2026-07-05,ZOR,1000,10,01,0000100196,3893.04,USD,Billed
4500000076,2026-08-27,RE,2000,10,02,0000100025,1334.46,USD,Billed
4500000077,2024-12-12,OR,2000,20,01,0000100102,2405.7,USD,Billed
4500000078,2026-03-03,OR,2000,20,00,0000100149,939.47,USD,Billed
4500000079,2026-09-06,OR,1000,10,01,0000100040,1640.86,USD,Billed
4500000080,2026-07-05,RE,1000,10,02,0000100020,1561.71,USD,Billed
4500000081,2026-06-21,OR,1000,20,01,0000100089,728.16,USD,Billed
4500000082,2025-05-17,OR,2000,20,02,0000100063,4910.39,USD,Billed
4500000083,2026-02-19,OR,3000,12,00,0000100133,1028.63,USD,Billed
4500000084,2025-09-12,OR,1000,10,01,0000100128,330.74,USD,Billed
4500000085,2026-07-30,RE,2000,20,00,0000100084,302.82,USD,Billed
4500000086,2026-02-08,RE,3000,10,02,0000100041,1390.17,USD,Billed
4500000087,2026-05-22,ZOR,3000,20,02,0000100130,1722.27,USD,Billed
4500000088,2026-06-01,OR,3000,20,00,0000100049,474.92,USD,Billed
4500000089,2025-06-21,OR,1000,12,00,0000100066,1310.45,USD,Billed
4500000090,2026-02-15,OR,1000,10,01,0000100141,938.16,USD,Billed
4500000091,2024-11-19,OR,2000,10,00,0000100058,2050.05,USD,Billed
4500000092,2025-02-10,OR,1000,12,01,0000100147,3090.11,USD,Billed
4500000093,2026-07-29,ZOR,3000,20,00,0000100038,2050.2,USD,Billed
4500000094,2025-07-05,ZOR,2000,10,00,0000100036,1307.53,USD,Billed
4500000095,2026-01-26,OR,1000,12,02,0000100031,587.44,USD,Billed
4500000096,2025-11-07,OR,2000,10,01,0000100064,1144.6,USD,Billed
4500000097,2025-03-22,OR,3000,20,00,0000100006,341.47,USD,Billed
4500000098,2025-11-15,OR,1000,20,00,0000100002,1703.8,USD,Cancelled
4500000099,2026-07-12,OR,1000,10,01,0000100166,2169.93,USD,Billed
4500000100,2025-05-10,OR,3000,20,00,0000100150,2117.77,USD,Billed
4500000101,2025-05-24,ZOR,2000,20,00,0000100013,77.77,USD,Cancelled
4500000102,2025-01-26,OR,2000,20,02,0000100057,4960.08,USD,Billed
4500000103,2025-01-20,OR,3000,20,02,0000100155,3026.18,USD,Billed
4500000104,2026-05-10,OR,3000,12,01,0000100113,351.77,USD,Billed
4500000105,2026-02-11,OR,1000,12,00,0000100034,1827.99,USD,Billed
4500000106,2026-08-19,ZOR,1000,20,02,0000100157,374.2,USD,Billed
4500000107,2026-01-15,OR,3000,10,00,0000100191,919.1,USD,Cancelled
4500000108,2026-08-14,OR,1000,20,00,0000100121,1364.63,USD,Billed
4500000109,2025-02-22,RE,2000,10,00,0000100138,1539.88,USD,Billed
4500000110,2025-01-28,OR,3000,12,00,0000100102,148.05,USD,Billed
4500000111,2025-02-18,OR,1000,20,01,0000100045,2010.15,USD,Billed
4500000112,2025-06-20,OR,2000,12,00,0000100136,40.08,USD,Billed
4500000113,2026-09-06,ZOR,1000,20,01,0000100092,2007.92,USD,In Process
4500000114,2025-02-24,OR,1000,10,00,0000100014,3229.77,USD,Billed
4500000115,2025-08-14,OR,1000,20,01,0000100154,664.46,USD,Billed
4500000116,2024-10-27,CS,1000,12,01,0000100057,7516.93,USD,Billed
4500000117,2024-10-02,OR,3000,20,00,0000100061,40.84,USD,Billed
4500000118,2025-10-16,OR,3000,12,00,0000100133,1081.58,USD,Cancelled
4500000119,2025-12-05,OR,3000,10,00,0000100142,2897.57,USD,Billed
4500000120,2025-09-21,OR,1000,12,00,0000100168,2568.95,USD,Billed
4500000121,2026-07-13,OR,3000,20,01,0000100081,496.81,USD,Billed
4500000122,2026-06-04,OR,2000,10,00,0000100184,2039.7,USD,Billed
4500000123,2026-08-09,CS,2000,10,00,0000100019,1056.38,USD,Cancelled
4500000124,2025-11-10,OR,2000,20,01,0000100011,403.2,USD,Billed
4500000125,2025-03-24,OR,1000,20,01,0000100048,1102.94,USD,Billed
4500000126,2024-12-16,CS,2000,20,01,0000100054,4670.51,USD,Billed
4500000127,2026-03-25,OR,2000,10,02,0000100173,2671.85,USD,Billed
4500000128,2025-01-04,OR,3000,10,00,0000100040,10618.26,USD,Billed
4500000129,2024-09-17,RE,3000,10,02,0000100074,964.44,USD,Billed
4500000130,2026-02-06,RE,3000,12,00,0000100005,2059.53,USD,Billed
4500000131,2024-12-13,OR,2000,12,02,0000100103,2889.45,USD,Billed
4500000132,2025-12-12,OR,3000,10,00,0000100190,351.12,USD,Billed
4500000133,2025-02-06,OR,1000,10,02,0000100172,530.18,USD,Billed
4500000134,2025-07-20,OR,1000,20,00,0000100130,2110.83,USD,Billed
4500000135,2024-09-23,OR,2000,12,00,0000100068,7125.36,USD,Billed
4500000136,2025-06-14,OR,3000,20,02,0000100048,152.79,USD,Billed
4500000137,2025-05-11,OR,2000,20,02,0000100014,562.08,USD,Billed
4500000138,2025-03-22,OR,3000,12,00,0000100136,1666.35,USD,Billed
4500000139,2024-12-19,OR,3000,10,02,0000100083,762.8,USD,Cancelled
4500000140,2025-11-07,OR,3000,20,00,0000100039,338.12,USD,Billed
4500000141,2026-02-01,OR,2000,12,02,0000100082,5450.05,USD,Billed
4500000142,2025-02-05,OR,2000,12,00,0000100095,389.84,USD,Billed
4500000143,2024-10-15,OR,3000,20,02,0000100090,2179.48,USD,Cancelled
4500000144,2025-03-28,OR,1000,20,00,0000100071,11884.46,USD,Billed
4500000145,2026-02-06,OR,3000,10,02,0000100136,2064.3,USD,Billed
4500000146,2025-03-31,OR,1000,10,02,0000100183,928.55,USD,Billed
4500000147,2025-12-30,OR,3000,12,02,0000100111,3861.37,USD,Billed
4500000148,2024-11-05,OR,2000,10,01,0000100009,3568.14,USD,Cancelled
4500000149,2026-02-09,OR,3000,10,02,0000100049,6568.76,USD,Billed
4500000150,2024-12-25,OR,2000,10,02,0000100187,2882.19,USD,Billed
4500000151,2025-02-23,OR,2000,10,01,0000100197,802.48,USD,Billed
4500000152,2026-02-28,OR,1000,12,00,0000100129,59.74,USD,Billed
4500000153,2025-08-26,OR,1000,20,01,0000100106,10234.32,USD,Billed
4500000154,2025-12-25,OR,1000,10,01,0000100028,7432.32,USD,Billed
4500000155,2025-04-10,OR,2000,12,02,0000100063,3842.62,USD,Billed
4500000156,2026-01-14,OR,3000,12,00,0000100192,215.27,USD,Billed
4500000157,2025-04-19,OR,2000,20,01,0000100068,1772.91,USD,Billed
4500000158,2025-08-30,OR,3000,12,00,0000100117,1689.51,USD,Billed
4500000159,2025-08-03,OR,3000,12,00,0000100153,4396.63,USD,Billed
4500000160,2026-07-11,OR,3000,10,01,0000100182,4436.34,USD,Billed
4500000161,2026-03-16,OR,1000,12,02,0000100114,1448.4,USD,Billed
4500000162,2025-10-18,OR,2000,20,02,0000100062,2569.57,USD,Billed
4500000163,2026-05-23,OR,2000,12,01,0000100153,2156.05,USD,Billed
4500000164,2025-12-02,OR,3000,10,01,0000100144,497.12,USD,Billed
4500000165,2026-02-24,OR,2000,20,01,0000100086,1573.39,USD,Billed
4500000166,2025-09-26,OR,1000,20,01,0000100155,3850.86,USD,Billed
4500000167,2025-11-07,OR,3000,20,00,0000100003,3624.34,USD,Billed
4500000168,2025-02-16,OR,3000,20,00,0000100180,3690.24,USD,Billed
4500000169,2026-07-25,OR,1000,20,00,0000100022,5401.81,USD,Billed
4500000170,2025-12-24,RE,2000,12,02,0000100081,1171.94,USD,Billed
4500000171,2026-05-05,OR,3000,20,00,0000100175,1439.33,USD,Billed
4500000172,2025-11-30,ZOR,1000,12,00,0000100173,861.94,USD,Billed
4500000173,2024-10-01,OR,2000,12,00,0000100080,1552.15,USD,Billed
4500000174,2024-12-01,OR,1000,20,02,0000100011,2740.4,USD,Billed
4500000175,2026-06-19,OR,2000,10,00,0000100059,120.98,USD,Billed
4500000176,2026-02-06,OR,3000,20,02,0000100117,4971.8,USD,Billed
4500000177,2026-07-06,OR,2000,12,01,0000100059,2937.07,USD,Billed
4500000178,2026-06-28,OR,1000,10,02,0000100104,930.12,USD,Billed
4500000179,2025-03-01,OR,2000,12,02,0000100055,274.52,USD,Billed
4500000180,2026-09-03,ZOR,2000,20,01,0000100145,2176.25,USD,Billed
4500000181,2025-12-03,OR,1000,10,01,0000100140,2524.5,USD,Billed
4500000182,2026-02-28,ZOR,2000,12,01,0000100115,825.93,USD,Billed
4500000183,2025-09-25,OR,1000,10,00,0000100002,540.73,USD,Billed
4500000184,2025-03-19,OR,1000,10,01,0000100089,4357.28,USD,Billed
4500000185,2025-09-03,OR,2000,12,00,0000100116,184.2,USD,Billed
4500000186,2025-08-16,OR,1000,12,00,0000100094,2513.62,USD,Billed
4500000187,2025-04-18,OR,3000,12,02,0000100046,2994.86,USD,Billed
4500000188,2025-05-20,OR,2000,12,02,0000100083,2567.15,USD,Billed
4500000189,2025-08-02,CS,2000,20,01,0000100045,3637.23,USD,Billed
4500000190,2025-03-26,OR,1000,12,00,0000100010,4084.78,USD,Billed
4500000191,2024-12-23,OR,3000,12,00,0000100072,997.36,USD,Billed
4500000192,2026-04-23,RE,1000,12,01,0000100125,968.24,USD,Billed
4500000193,2025-06-01,RE,3000,20,02,0000100138,4181.15,USD,Billed
4500000194,2025-06-06,OR,1000,10,00,0000100005,1676.7,USD,Billed
4500000195,2026-04-08,OR,3000,12,02,0000100042,340.29,USD,Billed
4500000196,2026-02-05,OR,1000,12,01,0000100079,1243.56,USD,Billed
4500000197,2025-08-06,CS,2000,10,02,0000100123,2222.06,USD,Billed
4500000198,2025-04-27,OR,1000,20,02,0000100041,5601.34,USD,Billed
4500000199,2026-04-17,OR,1000,10,01,0000100184,1224.08,USD,Billed
4500000200,2025-03-04,CS,3000,10,02,0000100181,2934.62,USD,Billed
4500000201,2025-08-17,CS,3000,10,00,0000100148,1113.88,USD,Billed
4500000202,2025-06-13,OR,2000,10,00,0000100056,862.2,USD,Billed
4500000203,2026-09-10,CS,1000,12,01,0000100097,2156.69,USD,In Process
4500000204,2025-03-07,OR,2000,10,01,0000100062,638.84,USD,Cancelled
4500000205,2025-11-20,OR,1000,10,00,0000100056,19828.11,USD,Billed
4500000206,2025-10-03,RE,2000,12,00,0000100186,1902.13,USD,Billed
4500000207,2024-10-18,CS,3000,10,01,0000100038,793.15,USD,Billed
4500000208,2025-01-23,OR,3000,12,00,0000100081,1533.87,USD,Billed
4500000209,2026-06-22,OR,2000,20,01,0000100057,80.5,USD,Billed
4500000210,2026-04-12,OR,1000,10,00,0000100171,789.75,USD,Billed
4500000211,2025-02-16,OR,3000,12,02,0000100179,623.0,USD,Billed
4500000212,2025-01-21,CS,1000,10,02,0000100081,882.67,USD,Billed
4500000213,2026-07-30,OR,1000,12,02,0000100062,2488.16,USD,Billed
4500000214,2025-11-17,OR,2000,20,00,0000100181,1530.39,USD,Billed
4500000215,2026-02-18,OR,2000,20,02,0000100000,3098.84,USD,Billed
4500000216,2026-07-08,OR,3000,12,00,0000100129,3425.8,USD,Billed
4500000217,2025-03-22,OR,2000,12,00,0000100068,3045.96,USD,Billed
4500000218,2025-09-13,OR,2000,20,00,0000100199,3583.38,USD,Billed
4500000219,2026-07-12,OR,1000,10,01,0000100097,875.2,USD,Billed
4500000220,2025-01-27,OR,1000,20,02,0000100161,4780.67,USD,Billed
4500000221,2025-03-18,OR,3000,10,00,0000100062,4475.21,USD,Billed
4500000222,2026-06-19,OR,3000,10,01,0000100185,1198.89,USD,Billed
4500000223,2026-05-21,OR,2000,10,00,0000100162,2453.35,USD,Billed
4500000224,2025-09-24,OR,3000,10,02,0000100156,5290.25,USD,Billed
4500000225,2024-12-19,OR,3000,10,02,0000100062,4299.16,USD,Billed
4500000226,2026-05-15,OR,1000,20,00,0000100181,6529.48,USD,Billed
4500000227,2025-04-26,OR,3000,10,02,0000100073,1871.38,USD,Billed
4500000228,2026-03-20,OR,3000,10,00,0000100036,508.05,USD,Billed
4500000229,2025-03-18,OR,2000,12,00,0000100008,3492.1,USD,Billed
4500000230,2025-01-03,OR,3000,12,01,0000100182,2107.73,USD,Billed
4500000231,2026-02-01,OR,2000,12,01,0000100035,1417.32,USD,Billed
4500000232,2025-06-27,OR,2000,10,02,0000100065,2811.02,USD,Billed
4500000233,2025-06-14,OR,3000,12,00,0000100052,4993.38,USD,Billed
4500000234,2025-07-31,OR,2000,10,00,0000100148,9148.79,USD,Billed
4500000235,2025-08-14,OR,1000,10,01,0000100045,713.84,USD,Billed
4500000236,2025-08-23,OR,2000,20,00,0000100198,1201.58,USD,Billed
4500000237,2025-12-30,ZOR,1000,10,02,0000100111,2584.74,USD,Billed
4500000238,2024-11-29,OR,2000,20,02,0000100027,444.96,USD,Billed
4500000239,2026-01-19,OR,1000,10,01,0000100177,732.84,USD,Billed
4500000240,2025-09-03,OR,3000,12,02,0000100144,21.36,USD,Billed
4500000241,2026-05-04,OR,3000,10,00,0000100134,416.47,USD,Billed
4500000242,2025-04-10,OR,3000,20,00,0000100024,2208.47,USD,Billed
4500000243,2026-01-13,OR,2000,12,01,0000100094,876.0,USD,Billed
4500000244,2025-02-10,OR,1000,10,01,0000100112,5411.59,USD,Billed
4500000245,2026-02-05,OR,1000,20,00,0000100130,2566.84,USD,Billed
4500000246,2026-01-23,OR,1000,12,01,0000100139,5405.22,USD,Billed
4500000247,2025-10-15,OR,2000,20,01,0000100025,222.54,USD,Billed
4500000248,2025-08-29,CS,3000,12,02,0000100078,275.69,USD,Billed
4500000249,2026-08-08,OR,1000,12,02,0000100116,1743.68,USD,Billed
4500000250,2025-06-02,OR,1000,20,01,0000100177,878.59,USD,Billed
4500000251,2024-11-12,OR,2000,10,01,0000100199,2662.6,USD,Billed
4500000252,2025-05-12,OR,2000,12,02,0000100180,1623.81,USD,Billed
4500000253,2024-10-14,RE,2000,20,01,0000100138,1231.31,USD,Billed
4500000254,2026-06-26,OR,1000,10,00,0000100155,194.22,USD,Billed
4500000255,2026-05-16,OR,3000,10,02,0000100117,2158.5,USD,Billed
4500000256,2025-01-26,RE,3000,20,02,0000100021,4381.94,USD,Billed
4500000257,2025-12-16,CS,2000,12,00,0000100039,4267.27,USD,Billed
4500000258,2025-02-09,OR,2000,20,01,0000100051,951.82,USD,Billed
4500000259,2026-05-31,OR,3000,12,01,0000100031,1604.41,USD,Billed
4500000260,2025-07-12,OR,3000,20,01,0000100098,146.21,USD,Billed
4500000261,2024-10-26,OR,2000,12,01,0000100078,2212.96,USD,Billed
4500000262,2025-12-20,OR,3000,10,01,0000100048,700.35,USD,Billed
4500000263,2024-11-12,ZOR,2000,12,01,0000100157,578.0,USD,Billed
4500000264,2026-06-28,OR,1000,20,02,0000100051,862.88,USD,Billed
4500000265,2026-07-23,OR,2000,12,01,0000100065,5006.96,USD,Billed
4500000266,2025-12-05,ZOR,1000,12,00,0000100045,493.97,USD,Billed
4500000267,2025-03-10,OR,1000,10,01,0000100058,7614.52,USD,Billed
4500000268,2026-04-02,OR,1000,12,01,0000100167,147.12,USD,Billed
4500000269,2024-10-11,OR,3000,12,00,0000100079,415.87,USD,Billed
4500000270,2024-12-03,OR,2000,12,02,0000100001,3658.41,USD,Billed
4500000271,2025-04-23,OR,3000,20,02,0000100083,2630.42,USD,Billed
4500000272,2024-11-04,OR,1000,12,01,0000100038,1261.52,USD,Billed
4500000273,2026-06-13,OR,2000,20,02,0000100188,910.38,USD,Billed
4500000274,2026-01-14,OR,3000,12,01,0000100184,5845.5,USD,Billed
4500000275,2026-04-26,OR,1000,10,00,0000100018,5716.46,USD,Billed
4500000276,2026-01-06,OR,3000,12,02,0000100137,32.4,USD,Billed
4500000277,2025-02-24,OR,3000,20,02,0000100184,700.35,USD,Billed
4500000278,2025-04-04,OR,3000,10,02,0000100037,37.51,USD,Billed
4500000279,2025-12-01,CS,1000,10,00,0000100176,824.31,USD,Billed
4500000280,2026-04-14,OR,2000,20,01,0000100005,2222.48,USD,Cancelled
4500000281,2025-12-14,OR,1000,12,02,0000100091,2816.81,USD,Billed
4500000282,2025-05-05,OR,3000,10,01,0000100121,2631.85,USD,Billed
4500000283,2026-04-20,OR,1000,20,00,0000100132,955.08,USD,Billed
4500000284,2025-07-09,OR,2000,10,01,0000100021,1869.59,USD,Billed
4500000285,2025-12-15,OR,2000,20,01,0000100112,2042.91,USD,Billed
4500000286,2026-05-27,ZOR,1000,10,01,0000100026,7069.88,USD,Billed
4500000287,2026-01-11,OR,1000,12,01,0000100101,6324.54,USD,Billed
4500000288,2025-08-14,OR,2000,12,02,0000100167,416.36,USD,Cancelled
4500000289,2025-11-18,OR,2000,10,00,0000100119,353.16,USD,Billed
4500000290,2025-02-09,ZOR,1000,12,02,0000100110,1642.74,USD,Billed
4500000291,2025-07-29,OR,3000,20,00,0000100045,580.8,USD,Billed
4500000292,2026-05-14,OR,3000,10,02,0000100171,1194.2,USD,Cancelled
4500000293,2025-09-02,OR,1000,20,01,0000100126,2184.41,USD,Billed
4500000294,2024-09-25,OR,2000,10,00,0000100025,1254.9,USD,Billed
4500000295,2026-05-01,OR,3000,20,00,0000100044,501.36,USD,Billed
4500000296,2025-01-03,OR,3000,10,02,0000100144,3170.82,USD,Billed
4500000297,2024-10-06,OR,3000,10,02,0000100143,4789.8,USD,Billed
4500000298,2025-11-09,OR,2000,12,01,0000100086,810.59,USD,Billed
4500000299,2026-03-28,OR,3000,20,00,0000100020,2658.88,USD,Billed
4500000300,2024-12-04,OR,3000,12,02,0000100134,1985.84,USD,Billed
4500000301,2025-08-03,OR,1000,10,01,0000100128,2841.32,USD,Cancelled
4500000302,2025-08-16,OR,1000,12,00,0000100127,9753.43,USD,Billed
4500000303,2024-12-11,OR,1000,20,01,0000100162,5042.75,USD,Billed
4500000304,2025-12-16,OR,2000,20,02,0000100139,799.45,USD,Billed
4500000305,2025-03-15,OR,3000,20,00,0000100092,1631.86,USD,Billed
4500000306,2026-01-31,OR,1000,12,00,0000100099,6093.36,USD,Billed
4500000307,2025-09-15,OR,1000,10,02,0000100053,68.46,USD,Billed
4500000308,2025-10-01,ZOR,3000,12,00,0000100003,830.12,USD,Billed
4500000309,2025-02-28,OR,3000,10,00,0000100046,4633.77,USD,Billed
4500000310,2026-03-24,OR,2000,12,01,0000100106,4120.46,USD,Billed
4500000311,2024-09-21,ZOR,1000,20,01,0000100122,2348.08,USD,Billed
4500000312,2025-04-29,OR,2000,20,02,0000100156,1970.99,USD,Billed
4500000313,2024-11-26,CS,3000,10,01,0000100012,1782.33,USD,Billed
4500000314,2024-11-14,RE,2000,10,00,0000100192,974.07,USD,Billed
4500000315,2024-09-20,OR,2000,10,01,0000100072,1051.9,USD,Billed
4500000316,2025-09-30,OR,1000,10,00,0000100178,1159.36,USD,Billed
4500000317,2024-11-04,OR,1000,12,00,0000100062,894.18,USD,Billed
4500000318,2024-12-05,OR,3000,12,01,0000100111,1859.29,USD,Billed
4500000319,2025-07-26,RE,3000,10,01,0000100149,3567.66,USD,Billed
4500000320,2026-01-23,RE,1000,12,00,0000100131,1002.04,USD,Billed
4500000321,2025-02-07,OR,1000,12,00,0000100120,2503.05,USD,Billed
4500000322,2026-01-06,OR,2000,10,01,0000100184,1006.67,USD,Billed
4500000323,2025-10-25,OR,3000,12,00,0000100110,3136.46,USD,Billed
4500000324,2026-07-20,OR,3000,10,01,0000100069,1212.8,USD,Billed
4500000325,2026-04-28,ZOR,3000,12,00,0000100081,1925.53,USD,Billed
4500000326,2026-09-07,OR,1000,20,02,0000100160,5754.09,USD,Billed
4500000327,2025-06-01,OR,2000,20,01,0000100198,1565.22,USD,Billed
4500000328,2026-06-22,OR,1000,12,02,0000100008,1588.74,USD,Billed
4500000329,2025-05-05,OR,1000,10,02,0000100140,1483.1,USD,Billed
4500000330,2025-04-07,OR,3000,20,00,0000100175,101.85,USD,Billed
4500000331,2025-07-21,ZOR,2000,10,01,0000100102,2018.91,USD,Billed
4500000332,2024-09-29,ZOR,3000,12,00,0000100022,6614.16,USD,Billed
4500000333,2026-02-23,OR,3000,10,02,0000100078,2168.8,USD,Billed
4500000334,2024-11-16,ZOR,2000,20,02,0000100181,841.58,USD,Billed
4500000335,2025-12-04,ZOR,2000,20,02,0000100123,45.32,USD,Billed
4500000336,2024-10-26,OR,2000,20,02,0000100122,1767.1,USD,Billed
4500000337,2025-07-22,ZOR,2000,10,01,0000100102,1166.74,USD,Billed
4500000338,2025-03-16,RE,1000,10,01,0000100040,5116.48,USD,Billed
4500000339,2026-08-04,ZOR,2000,12,02,0000100102,3060.3,USD,Billed
4500000340,2025-04-19,OR,1000,12,00,0000100134,4139.97,USD,Billed
4500000341,2025-05-31,OR,3000,20,02,0000100023,2383.88,USD,Billed
4500000342,2025-04-25,OR,1000,10,00,0000100064,926.56,USD,Billed
4500000343,2024-12-13,OR,2000,12,02,0000100034,23.1,USD,Billed
4500000344,2025-12-27,OR,2000,20,01,0000100119,1336.09,USD,Billed
4500000345,2025-04-22,OR,3000,10,02,0000100157,2665.15,USD,Billed
4500000346,2025-03-30,OR,1000,20,02,0000100080,1408.3,USD,Billed
4500000347,2025-04-29,OR,2000,12,01,0000100126,732.69,USD,Billed
4500000348,2025-05-29,OR,3000,12,01,0000100018,11465.78,USD,Billed
4500000349,2026-04-16,OR,1000,12,00,0000100158,1642.89,USD,Billed
4500000350,2025-02-18,OR,2000,10,00,0000100134,1465.4,USD,Billed
4500000351,2024-12-12,OR,1000,10,00,0000100050,491.95,USD,Billed
4500000352,2025-05-12,CS,1000,12,00,0000100042,5524.93,USD,Billed
4500000353,2025-11-03,OR,2000,10,00,0000100083,720.0,USD,Billed
4500000354,2025-04-07,OR,3000,10,00,0000100116,1332.07,USD,Billed
4500000355,2024-12-02,OR,2000,12,01,0000100175,74.8,USD,Billed
4500000356,2025-06-01,OR,3000,10,00,0000100174,1650.13,USD,Billed
4500000357,2026-08-16,OR,3000,10,02,0000100189,2674.09,USD,Billed
4500000358,2026-06-29,OR,3000,12,02,0000100199,1610.48,USD,Billed
4500000359,2025-08-04,OR,1000,10,00,0000100181,262.0,USD,Billed
4500000360,2025-07-26,OR,3000,20,00,0000100032,3947.67,USD,Billed
4500000361,2025-01-17,OR,2000,12,02,0000100012,601.92,USD,Billed
4500000362,2026-01-16,RE,2000,12,02,0000100065,911.52,USD,Billed
4500000363,2026-02-22,OR,3000,12,02,0000100091,110.25,USD,Billed
4500000364,2025-03-20,ZOR,2000,12,02,0000100045,811.37,USD,Billed
4500000365,2025-12-14,OR,1000,20,02,0000100062,277.7,USD,Billed
4500000366,2024-11-26,ZOR,2000,20,02,0000100085,216.99,USD,Billed
4500000367,2025-05-01,OR,2000,20,00,0000100105,4070.71,USD,Billed
4500000368,2025-04-12,OR,3000,20,01,0000100088,306.6,USD,Billed
4500000369,2026-04-18,OR,2000,20,01,0000100123,1540.85,USD,Billed
4500000370,2025-12-08,OR,1000,12,00,0000100080,1563.56,USD,Billed
4500000371,2025-09-21,OR,1000,12,01,0000100026,1589.83,USD,Billed
4500000372,2025-07-29,OR,3000,12,02,0000100143,671.52,USD,Billed
4500000373,2025-10-21,OR,2000,12,00,0000100166,12902.91,USD,Cancelled
4500000374,2025-08-31,OR,1000,12,00,0000100113,5056.12,USD,Billed
4500000375,2025-03-20,OR,3000,10,02,0000100020,2734.84,USD,Billed
4500000376,2026-05-13,OR,3000,10,01,0000100078,8918.77,USD,Billed
4500000377,2026-04-18,OR,1000,12,01,0000100174,4469.53,USD,Billed
4500000378,2025-06-22,OR,1000,10,01,0000100086,967.64,USD,Billed
4500000379,2025-07-04,OR,1000,20,01,0000100158,523.05,USD,Billed
4500000380,2026-07-22,OR,1000,20,00,0000100017,601.71,USD,Billed
4500000381,2024-09-28,OR,1000,20,01,0000100163,659.58,USD,Billed
4500000382,2026-03-26,RE,3000,12,01,0000100181,2757.94,USD,Billed
4500000383,2025-01-14,CS,1000,12,01,0000100067,99.26,USD,Billed
4500000384,2025-01-30,OR,3000,12,00,0000100134,2549.55,USD,Billed
4500000385,2025-05-26,OR,1000,20,02,0000100000,145.95,USD,Billed
4500000386,2025-12-13,OR,3000,20,00,0000100010,8877.6,USD,Billed
4500000387,2025-05-04,ZOR,1000,20,01,0000100126,652.86,USD,Billed
4500000388,2025-09-26,OR,1000,12,02,0000100176,1950.26,USD,Billed
4500000389,2025-09-22,OR,2000,20,02,0000100190,2300.1,USD,Billed
4500000390,2026-07-17,OR,3000,10,00,0000100146,1900.11,USD,Billed
4500000391,2025-11-10,OR,1000,12,02,0000100157,2236.62,USD,Billed
4500000392,2025-03-29,OR,1000,12,01,0000100084,2000.52,USD,Billed
4500000393,2025-12-19,CS,3000,20,02,0000100100,4939.43,USD,Billed
4500000394,2025-10-24,ZOR,2000,12,02,0000100034,168.74,USD,Billed
4500000395,2025-04-22,OR,2000,10,02,0000100110,1019.17,USD,Billed
4500000396,2026-02-24,OR,1000,20,00,0000100081,1357.8,USD,Billed
4500000397,2024-09-19,OR,2000,12,02,0000100046,1516.14,USD,Billed
4500000398,2026-09-04,OR,3000,12,02,0000100060,1778.54,USD,Billed
4500000399,2026-06-13,OR,2000,10,01,0000100128,61.62,USD,Billed
4500000400,2024-10-27,CS,1000,12,00,0000100119,2588.23,USD,Billed
4500000401,2026-02-14,OR,1000,12,01,0000100177,14320.02,USD,Billed
4500000402,2024-12-17,OR,3000,20,02,0000100014,2999.54,USD,Billed
4500000403,2026-09-07,OR,3000,12,02,0000100020,653.05,USD,Billed
4500000404,2025-08-09,OR,3000,10,01,0000100018,172.75,USD,Billed
4500000405,2026-03-12,RE,2000,12,01,0000100178,4152.76,USD,Billed
4500000406,2025-03-18,OR,1000,12,02,0000100112,5305.75,USD,Billed
4500000407,2026-01-04,OR,2000,20,00,0000100071,599.03,USD,Billed
4500000408,2024-10-04,OR,1000,20,00,0000100071,1843.56,USD,Billed
4500000409,2026-04-20,OR,1000,20,00,0000100151,3648.04,USD,Billed
4500000410,2025-03-26,RE,2000,20,02,0000100069,783.21,USD,Billed
4500000411,2025-01-16,CS,2000,10,01,0000100002,1047.96,USD,Cancelled
4500000412,2025-08-01,ZOR,3000,20,00,0000100019,2060.52,USD,Billed
4500000413,2025-09-14,OR,3000,10,01,0000100178,1960.94,USD,Billed
4500000414,2024-10-16,OR,1000,12,01,0000100027,1891.66,USD,Billed
4500000415,2025-01-13,OR,3000,10,00,0000100144,77.4,USD,Billed
4500000416,2025-06-18,OR,2000,20,02,0000100170,915.49,USD,Billed
4500000417,2025-10-15,OR,2000,12,00,0000100030,571.2,USD,Billed
4500000418,2026-02-06,OR,3000,20,02,0000100189,642.85,USD,Billed
4500000419,2024-12-20,OR,3000,12,02,0000100122,1066.24,USD,Billed
4500000420,2026-05-07,OR,2000,10,00,0000100189,1225.07,USD,Billed
4500000421,2025-06-02,OR,3000,12,01,0000100053,2092.77,USD,Billed
4500000422,2026-09-07,OR,1000,10,02,0000100064,2700.6,USD,In Process
4500000423,2025-06-11,OR,1000,10,02,0000100039,1135.28,USD,Billed
4500000424,2025-08-06,OR,2000,20,02,0000100014,1876.87,USD,Billed
4500000425,2025-06-02,OR,1000,20,02,0000100033,7837.44,USD,Billed
4500000426,2024-11-10,CS,2000,12,00,0000100044,3606.48,USD,Billed
4500000427,2026-07-22,OR,1000,10,02,0000100000,1845.95,USD,Billed
4500000428,2025-11-19,OR,1000,10,01,0000100108,2055.26,USD,Billed
4500000429,2026-03-20,OR,1000,10,00,0000100027,728.64,USD,Billed
4500000430,2025-01-03,OR,3000,12,02,0000100188,8709.07,USD,Billed
4500000431,2025-09-03,OR,2000,10,02,0000100052,954.5,USD,Billed
4500000432,2025-04-09,ZOR,3000,10,02,0000100033,4409.74,USD,Billed
4500000433,2025-03-30,OR,2000,10,01,0000100010,1089.38,USD,Billed
4500000434,2025-06-28,ZOR,2000,10,02,0000100165,1214.09,USD,Billed
4500000435,2025-12-14,OR,2000,10,02,0000100012,922.2,USD,Billed
4500000436,2025-08-13,RE,2000,12,01,0000100017,3573.54,USD,Billed
4500000437,2026-02-05,OR,1000,12,02,0000100089,2908.54,USD,Billed
4500000438,2026-09-05,OR,1000,20,02,0000100031,564.24,USD,Billed
4500000439,2025-11-18,OR,2000,10,02,0000100076,667.84,USD,Billed
4500000440,2026-04-20,OR,1000,12,01,0000100012,9853.89,USD,Billed
4500000441,2026-08-09,OR,1000,10,00,0000100121,367.12,USD,Billed
4500000442,2026-08-23,OR,1000,12,02,0000100063,680.9,USD,Billed
4500000443,2025-05-25,OR,3000,12,01,0000100028,2182.36,USD,Billed
4500000444,2026-05-18,OR,1000,20,02,0000100142,2881.29,USD,Billed
4500000445,2026-02-04,OR,3000,12,01,0000100022,5908.25,USD,Billed
4500000446,2024-09-27,OR,3000,10,00,0000100164,145.92,USD,Billed
4500000447,2026-05-05,OR,3000,12,01,0000100084,400.92,USD,Billed
4500000448,2026-07-01,OR,3000,12,00,0000100130,1153.12,USD,Billed
4500000449,2026-06-30,OR,1000,10,01,0000100135,794.8,USD,Cancelled
4500000450,2025-05-17,OR,2000,10,02,0000100145,52.15,USD,Billed
4500000451,2026-02-25,ZOR,1000,20,00,0000100046,2644.23,USD,Billed
4500000452,2026-05-11,ZOR,1000,12,00,0000100016,5604.88,USD,Billed
4500000453,2025-08-04,OR,2000,20,02,0000100075,880.75,USD,Billed
4500000454,2025-12-23,OR,1000,10,01,0000100014,5860.31,USD,Billed
4500000455,2025-06-18,CS,2000,12,00,0000100000,2829.39,USD,Billed
4500000456,2026-07-18,OR,3000,10,01,0000100017,224.96,USD,Billed
4500000457,2025-10-01,CS,2000,20,01,0000100057,529.31,USD,Billed
4500000458,2025-03-08,OR,3000,12,02,0000100081,828.92,USD,Billed
4500000459,2025-07-23,OR,2000,10,00,0000100044,22872.87,USD,Billed
4500000460,2025-11-16,OR,2000,10,01,0000100133,3367.34,USD,Billed
4500000461,2025-06-15,OR,2000,12,02,0000100001,24.54,USD,Billed
4500000462,2025-05-11,OR,2000,12,00,0000100168,2540.83,USD,Cancelled
4500000463,2025-12-17,OR,3000,20,01,0000100126,1835.14,USD,Billed
4500000464,2025-05-04,OR,3000,12,02,0000100046,1081.02,USD,Billed
4500000465,2025-09-04,OR,3000,10,01,0000100170,2834.58,USD,Billed
4500000466,2024-11-13,OR,1000,10,02,0000100136,377.95,USD,Billed
4500000467,2025-05-03,OR,1000,10,00,0000100033,744.25,USD,Billed
4500000468,2024-12-05,CS,1000,20,00,0000100149,3039.38,USD,Billed
4500000469,2025-08-31,OR,1000,12,00,0000100107,1800.81,USD,Billed
4500000470,2025-05-10,OR,2000,12,00,0000100050,1991.22,USD,Billed
4500000471,2025-06-15,CS,2000,12,00,0000100071,2928.42,USD,Billed
4500000472,2024-10-05,RE,1000,20,01,0000100132,6138.31,USD,Billed
4500000473,2026-09-06,OR,1000,12,02,0000100109,570.06,USD,In Process
4500000474,2025-02-14,OR,2000,20,02,0000100015,1225.44,USD,Billed
4500000475,2024-09-20,OR,2000,10,00,0000100145,1385.81,USD,Billed
4500000476,2025-11-14,OR,3000,20,00,0000100192,2873.17,USD,Billed
4500000477,2024-10-11,OR,1000,12,02,0000100098,8989.58,USD,Billed
4500000478,2025-11-04,OR,1000,12,01,0000100097,8909.71,USD,Billed
4500000479,2026-07-12,OR,1000,10,00,0000100089,3977.93,USD,Billed
4500000480,2024-10-25,RE,2000,20,02,0000100052,2627.68,USD,Billed
4500000481,2025-08-25,CS,3000,10,01,0000100077,668.4,USD,Billed
4500000482,2026-05-16,OR,3000,10,02,0000100166,1050.96,USD,Billed
4500000483,2025-03-05,OR,1000,12,01,0000100142,8070.74,USD,Billed
4500000484,2024-12-18,OR,3000,20,02,0000100155,1795.62,USD,Billed
4500000485,2024-10-25,OR,2000,20,01,0000100051,7320.46,USD,Cancelled
4500000486,2026-02-03,OR,1000,20,00,0000100028,1798.03,USD,Billed
4500000487,2026-03-24,OR,2000,10,00,0000100040,1199.92,USD,Billed
4500000488,2025-07-21,OR,2000,10,00,0000100194,1448.5,USD,Billed
4500000489,2025-05-25,ZOR,3000,12,00,0000100101,2615.49,USD,Billed
4500000490,2026-09-02,OR,2000,20,01,0000100009,667.15,USD,Billed
4500000491,2025-03-13,OR,2000,12,02,0000100188,4805.82,USD,Billed
4500000492,2026-04-20,OR,2000,12,00,0000100146,102.0,USD,Billed
4500000493,2026-04-26,OR,1000,20,02,0000100048,938.82,USD,Billed
4500000494,2025-08-10,OR,1000,10,00,0000100086,634.08,USD,Billed
4500000495,2026-04-09,OR,2000,10,01,0000100004,79.95,USD,Billed
4500000496,2025-05-09,OR,3000,10,02,0000100131,216.49,USD,Billed
4500000497,2026-07-04,OR,2000,10,02,0000100084,1606.09,USD,Billed
4500000498,2026-03-12,OR,2000,20,00,0000100029,312.33,USD,Billed
4500000499,2025-12-12,OR,3000,12,01,0000100147,684.3,USD,Billed
4500000500,2026-05-19,OR,2000,10,02,0000100078,1723.83,USD,Billed
4500000501,2026-01-19,OR,1000,20,02,0000100136,3642.3,USD,Billed
4500000502,2026-06-07,OR,3000,12,02,0000100106,1559.78,USD,Billed
4500000503,2025-05-28,CS,1000,10,01,0000100016,1605.89,USD,Billed
4500000504,2025-06-14,ZOR,2000,10,01,0000100056,2701.94,USD,Billed
4500000505,2026-08-04,OR,2000,20,01,0000100144,5005.05,USD,Billed
4500000506,2025-07-28,OR,2000,20,02,0000100063,1065.27,USD,Billed
4500000507,2025-04-29,OR,1000,12,00,0000100024,5719.95,USD,Billed
4500000508,2026-04-26,OR,2000,20,02,0000100160,1775.7,USD,Billed
4500000509,2025-05-28,RE,1000,10,00,0000100040,1688.92,USD,Billed
4500000510,2025-07-15,OR,3000,12,00,0000100188,2778.21,USD,Billed
4500000511,2025-11-02,OR,1000,10,02,0000100169,1210.0,USD,Billed
4500000512,2024-11-16,OR,2000,12,02,0000100150,3387.39,USD,Billed
4500000513,2026-05-20,OR,3000,20,02,0000100171,1090.74,USD,Cancelled
4500000514,2025-12-03,OR,3000,10,00,0000100167,2549.05,USD,Billed
4500000515,2024-10-17,OR,3000,10,02,0000100146,2581.14,USD,Billed
4500000516,2024-11-20,OR,3000,12,02,0000100022,3678.41,USD,Billed
4500000517,2025-04-15,OR,1000,10,00,0000100148,231.0,USD,Billed
4500000518,2025-07-24,RE,2000,20,01,0000100097,4379.71,USD,Billed
4500000519,2026-04-21,OR,2000,20,01,0000100173,393.3,USD,Billed
4500000520,2026-04-21,OR,1000,20,01,0000100198,776.65,USD,Billed
4500000521,2026-03-08,OR,1000,20,00,0000100183,200.96,USD,Billed
4500000522,2026-03-01,OR,1000,20,00,0000100083,982.6,USD,Billed
4500000523,2025-09-22,OR,1000,20,01,0000100197,4920.27,USD,Cancelled
4500000524,2024-11-15,OR,2000,20,02,0000100040,232.3,USD,Billed
4500000525,2025-05-27,OR,2000,12,02,0000100170,1394.98,USD,Billed
4500000526,2026-03-11,OR,2000,20,01,0000100181,7578.51,USD,Billed
4500000527,2024-10-01,OR,2000,20,02,0000100145,72.45,USD,Billed
4500000528,2025-03-08,ZOR,3000,12,01,0000100085,130.64,USD,Billed
4500000529,2024-09-25,OR,2000,20,02,0000100022,2373.91,USD,Billed
4500000530,2025-05-09,OR,3000,10,00,0000100071,2135.78,USD,Billed
4500000531,2025-05-08,OR,2000,20,01,0000100141,1032.33,USD,Billed
4500000532,2025-08-29,OR,1000,10,00,0000100069,1007.16,USD,Billed
4500000533,2025-01-20,OR,2000,10,00,0000100052,4551.6,USD,Billed
4500000534,2025-10-17,RE,1000,12,00,0000100133,1697.38,USD,Billed
4500000535,2024-12-07,RE,1000,10,01,0000100138,806.93,USD,Billed
4500000536,2026-04-12,OR,3000,20,02,0000100008,4019.33,USD,Billed
4500000537,2026-05-16,OR,1000,12,00,0000100108,3588.27,USD,Billed
4500000538,2025-07-12,OR,1000,10,01,0000100000,3819.84,USD,Billed
4500000539,2026-06-22,OR,1000,10,02,0000100012,2418.2,USD,Billed
4500000540,2026-01-11,OR,1000,12,02,0000100079,2064.76,USD,Billed
4500000541,2025-10-26,OR,1000,10,02,0000100084,2597.22,USD,Billed
4500000542,2025-12-22,OR,2000,10,02,0000100020,5523.61,USD,Billed
4500000543,2025-08-04,OR,1000,10,02,0000100135,4947.73,USD,Billed
4500000544,2024-12-23,OR,3000,10,00,0000100125,371.68,USD,Cancelled
4500000545,2026-07-02,OR,2000,12,02,0000100156,1881.64,USD,Billed
4500000546,2025-02-25,OR,1000,20,01,0000100006,2825.86,USD,Billed
4500000547,2026-06-13,OR,2000,12,01,0000100147,144.34,USD,Billed
4500000548,2025-06-19,OR,1000,20,00,0000100002,526.68,USD,Billed
4500000549,2025-10-20,OR,2000,12,00,0000100154,749.88,USD,Billed
4500000550,2025-12-08,OR,3000,12,00,0000100047,3657.93,USD,Billed
4500000551,2025-06-03,OR,3000,10,00,0000100029,1756.65,USD,Billed
4500000552,2026-09-07,OR,2000,12,02,0000100179,3013.35,USD,Billed
4500000553,2026-05-25,OR,1000,12,00,0000100114,1091.95,USD,Billed
4500000554,2025-06-21,ZOR,3000,12,00,0000100137,1203.69,USD,Billed
4500000555,2025-05-17,CS,2000,12,01,0000100179,787.36,USD,Billed
4500000556,2026-06-23,OR,2000,10,01,0000100049,998.43,USD,Billed
4500000557,2026-08-01,OR,3000,12,02,0000100162,828.26,USD,Billed
4500000558,2025-06-02,ZOR,1000,10,00,0000100198,2391.22,USD,Billed
4500000559,2024-12-17,OR,2000,12,00,0000100057,1580.82,USD,Billed
4500000560,2025-10-09,OR,1000,12,02,0000100113,6251.33,USD,Billed
4500000561,2025-08-17,OR,3000,10,00,0000100156,742.9,USD,Billed
4500000562,2025-08-02,OR,2000,12,02,0000100033,6953.0,USD,Billed
4500000563,2025-11-27,OR,1000,20,02,0000100144,3961.27,USD,Billed
4500000564,2024-09-23,OR,3000,20,01,0000100165,284.24,USD,Billed
4500000565,2025-10-31,OR,2000,12,00,0000100129,1603.68,USD,Billed
4500000566,2026-01-24,CS,1000,12,00,0000100016,7357.13,USD,Billed
4500000567,2025-10-21,OR,2000,12,02,0000100156,9879.07,USD,Billed
4500000568,2024-09-14,OR,3000,12,02,0000100002,4212.87,USD,Billed
4500000569,2025-11-02,OR,3000,20,01,0000100022,214.5,USD,Billed
4500000570,2026-07-15,OR,1000,10,00,0000100126,117.8,USD,Billed
4500000571,2026-01-26,OR,2000,10,02,0000100184,5653.05,USD,Billed
4500000572,2025-09-25,OR,2000,12,00,0000100159,2125.83,USD,Billed
4500000573,2025-06-15,OR,1000,10,00,0000100141,1910.7,USD,Billed
4500000574,2025-02-17,OR,1000,12,01,0000100027,1520.99,USD,Billed
4500000575,2025-08-12,ZOR,1000,10,01,0000100193,3599.54,USD,Billed
4500000576,2026-08-14,OR,1000,10,01,0000100091,1023.22,USD,Billed
4500000577,2025-01-01,OR,3000,10,01,0000100125,1005.98,USD,Billed
4500000578,2025-12-10,OR,1000,12,01,0000100128,2594.58,USD,Billed
4500000579,2025-10-01,OR,1000,10,01,0000100075,379.26,USD,Billed
4500000580,2024-11-18,OR,3000,12,01,0000100079,59.72,USD,Billed
4500000581,2025-03-09,OR,1000,10,01,0000100166,549.1,USD,Billed
4500000582,2025-03-21,OR,3000,10,01,0000100182,2241.39,USD,Billed
4500000583,2024-11-17,OR,2000,10,02,0000100153,987.2,USD,Billed
4500000584,2024-11-20,OR,3000,12,02,0000100073,912.33,USD,Billed
4500000585,2026-05-11,OR,2000,20,00,0000100021,1483.08,USD,Billed
4500000586,2025-04-27,ZOR,2000,12,02,0000100078,716.18,USD,Billed
4500000587,2026-01-17,OR,2000,10,02,0000100051,2688.9,USD,Billed
4500000588,2025-09-04,CS,1000,10,02,0000100105,2731.01,USD,Cancelled
4500000589,2025-09-24,OR,1000,10,01,0000100194,2984.4,USD,Billed
4500000590,2025-08-10,OR,1000,20,02,0000100012,1046.28,USD,Billed
4500000591,2024-10-07,OR,3000,10,00,0000100130,6745.44,USD,Billed
4500000592,2024-11-04,OR,1000,20,02,0000100112,1718.19,USD,Cancelled
4500000593,2024-12-13,OR,1000,10,01,0000100023,579.48,USD,Billed
4500000594,2026-05-01,OR,2000,20,02,0000100033,3770.19,USD,Billed
4500000595,2026-02-06,OR,3000,20,00,0000100057,756.13,USD,Billed
4500000596,2026-08-16,OR,1000,20,00,0000100002,541.8,USD,Billed
4500000597,2026-01-31,OR,2000,10,02,0000100179,9889.18,USD,Billed
4500000598,2025-02-25,OR,1000,10,00,0000100073,8041.4,USD,Billed
4500000599,2025-11-12,OR,3000,12,02,0000100087,2989.68,USD,Billed
4500000600,2026-01-11,OR,3000,20,00,0000100126,4650.27,USD,Billed
4500000601,2025-04-04,OR,1000,12,02,0000100106,4176.66,USD,Billed
4500000602,2025-07-11,OR,3000,20,00,0000100100,179.27,USD,Billed
4500000603,2026-04-17,RE,2000,12,02,0000100001,328.16,USD,Billed
4500000604,2025-02-11,ZOR,3000,20,02,0000100196,1917.02,USD,Billed
4500000605,2024-10-05,OR,1000,10,00,0000100092,3189.34,USD,Billed
4500000606,2026-06-28,OR,1000,20,00,0000100196,2982.31,USD,Billed
4500000607,2025-05-19,OR,3000,20,02,0000100178,1445.96,USD,Billed
4500000608,2025-11-30,OR,3000,12,01,0000100128,3400.52,USD,Billed
4500000609,2026-08-24,RE,3000,12,01,0000100063,1635.79,USD,Billed
4500000610,2025-02-02,OR,2000,20,01,0000100154,3071.83,USD,Billed
4500000611,2025-03-24,OR,1000,20,02,0000100148,782.87,USD,Billed
4500000612,2025-05-16,OR,2000,20,02,0000100170,370.6,USD,Billed
4500000613,2025-04-05,RE,1000,10,00,0000100137,1749.72,USD,Billed
4500000614,2025-09-10,OR,3000,10,01,0000100185,4340.39,USD,Billed
4500000615,2024-09-28,OR,3000,12,02,0000100179,979.7,USD,Billed
4500000616,2026-04-25,OR,2000,12,00,0000100140,341.37,USD,Billed
4500000617,2026-09-12,OR,1000,10,00,0000100107,738.55,USD,In Process
4500000618,2025-02-15,OR,3000,12,00,0000100175,854.71,USD,Billed
4500000619,2025-06-29,OR,3000,10,00,0000100006,2843.72,USD,Billed
4500000620,2025-06-14,OR,1000,12,02,0000100061,276.22,USD,Billed
4500000621,2026-02-10,OR,3000,20,00,0000100195,2342.16,USD,Billed
4500000622,2025-07-13,OR,3000,10,01,0000100112,3418.32,USD,Cancelled
4500000623,2026-06-05,CS,2000,10,01,0000100154,933.24,USD,Billed
4500000624,2026-08-06,OR,3000,10,01,0000100062,3184.58,USD,Billed
4500000625,2025-03-24,OR,1000,10,02,0000100130,1105.3,USD,Billed
4500000626,2024-12-07,OR,2000,10,00,0000100060,376.8,USD,Billed
4500000627,2025-11-30,OR,2000,12,02,0000100016,629.62,USD,Billed
4500000628,2024-10-28,OR,3000,20,01,0000100132,3728.5,USD,Billed
4500000629,2025-07-12,RE,3000,20,02,0000100084,1791.3,USD,Cancelled
4500000630,2025-02-02,OR,3000,12,01,0000100036,7401.6,USD,Billed
4500000631,2026-05-10,OR,2000,20,01,0000100095,4114.5,USD,Cancelled
4500000632,2025-07-05,RE,2000,10,01,0000100026,3524.61,USD,Billed
4500000633,2026-05-15,OR,3000,12,01,0000100175,342.24,USD,Billed
4500000634,2025-11-19,CS,1000,20,02,0000100004,5882.17,USD,Billed
4500000635,2026-03-12,OR,1000,10,01,0000100026,339.01,USD,Billed
4500000636,2026-01-12,OR,1000,10,01,0000100088,52.05,USD,Billed
4500000637,2026-04-10,OR,2000,12,02,0000100179,668.58,USD,Billed
4500000638,2026-03-04,OR,2000,12,01,0000100038,140.66,USD,Billed
4500000639,2026-04-24,OR,3000,10,00,0000100092,1455.2,USD,Billed
4500000640,2025-06-24,OR,2000,10,02,0000100171,159.32,USD,Cancelled
4500000641,2025-01-18,OR,2000,20,00,0000100082,39.84,USD,Cancelled
4500000642,2025-03-01,RE,3000,10,00,0000100092,557.41,USD,Billed
4500000643,2026-05-02,OR,1000,10,01,0000100106,784.35,USD,Billed
4500000644,2024-12-06,CS,1000,10,01,0000100152,1362.36,USD,Billed
4500000645,2026-03-24,OR,1000,20,00,0000100158,6229.53,USD,Cancelled
4500000646,2024-10-17,RE,1000,10,00,0000100052,7785.59,USD,Billed
4500000647,2024-09-24,OR,2000,10,01,0000100090,792.36,USD,Billed
4500000648,2026-03-03,OR,1000,20,00,0000100165,971.72,USD,Billed
4500000649,2026-02-27,OR,2000,10,00,0000100145,6456.02,USD,Billed
4500000650,2026-04-10,CS,2000,12,02,0000100176,4025.89,USD,Billed
4500000651,2025-06-09,OR,2000,20,00,0000100181,2544.06,USD,Billed
4500000652,2026-01-26,OR,3000,12,00,0000100101,4324.74,USD,Billed
4500000653,2026-03-05,RE,3000,20,02,0000100151,4551.43,USD,Billed
4500000654,2025-02-28,OR,1000,20,00,0000100147,573.75,USD,Billed
4500000655,2024-12-11,OR,3000,10,00,0000100142,2037.59,USD,Billed
4500000656,2024-10-27,OR,1000,20,00,0000100015,4713.7,USD,Billed
4500000657,2025-04-24,OR,2000,20,00,0000100010,3965.05,USD,Billed
4500000658,2026-04-02,OR,3000,10,00,0000100141,85.35,USD,Billed
4500000659,2025-02-25,OR,3000,12,00,0000100131,120.0,USD,Billed
4500000660,2026-05-15,OR,1000,12,02,0000100070,266.4,USD,Billed
4500000661,2026-01-01,OR,1000,10,02,0000100181,4012.64,USD,Billed
4500000662,2026-08-11,OR,1000,12,01,0000100171,3426.17,USD,Billed
4500000663,2025-04-01,OR,3000,10,01,0000100111,8003.45,USD,Billed
4500000664,2026-08-24,OR,3000,10,02,0000100001,33.76,USD,Billed
4500000665,2026-04-04,OR,3000,12,00,0000100069,1828.48,USD,Billed
4500000666,2024-10-17,OR,3000,10,02,0000100038,4376.44,USD,Billed
4500000667,2025-03-31,OR,2000,10,01,0000100173,896.64,USD,Cancelled
4500000668,2024-12-06,OR,2000,12,00,0000100004,1353.94,USD,Billed
4500000669,2025-05-13,OR,2000,12,01,0000100179,1864.4,USD,Billed
4500000670,2025-11-13,OR,2000,20,01,0000100168,1600.2,USD,Billed
4500000671,2026-08-22,OR,3000,10,01,0000100139,5870.9,USD,Billed
4500000672,2026-06-02,OR,2000,20,01,0000100123,1415.62,USD,Billed
4500000673,2025-05-01,OR,3000,10,00,0000100017,230.18,USD,Billed
4500000674,2025-11-13,OR,3000,20,02,0000100086,1337.19,USD,Billed
4500000675,2025-09-14,OR,3000,10,01,0000100196,1556.27,USD,Billed
4500000676,2024-09-26,CS,2000,12,02,0000100005,1383.9,USD,Billed
4500000677,2025-04-07,CS,1000,10,00,0000100095,15.49,USD,Billed
4500000678,2025-09-15,OR,1000,20,02,0000100182,3116.88,USD,Billed
4500000679,2025-09-19,OR,1000,10,01,0000100005,146.4,USD,Billed
4500000680,2026-02-19,RE,1000,20,00,0000100074,995.04,USD,Billed
4500000681,2025-04-22,OR,1000,12,01,0000100021,2772.4,USD,Billed
4500000682,2026-08-31,OR,1000,20,00,0000100083,219.96,USD,Billed
4500000683,2026-07-15,OR,2000,20,01,0000100052,1442.25,USD,Billed
4500000684,2025-04-18,OR,3000,20,02,0000100071,3448.25,USD,Billed
4500000685,2024-12-19,OR,1000,20,02,0000100067,1906.36,USD,Billed
4500000686,2025-02-22,OR,2000,10,00,0000100138,1402.94,USD,Billed
4500000687,2025-05-28,OR,2000,10,02,0000100011,2220.65,USD,Billed
4500000688,2025-08-30,OR,3000,12,02,0000100008,5760.73,USD,Billed
4500000689,2025-07-27,OR,2000,10,02,0000100090,1305.14,USD,Billed
4500000690,2025-11-30,OR,1000,12,02,0000100032,531.62,USD,Billed
4500000691,2026-02-21,OR,1000,10,01,0000100194,1428.98,USD,Billed
4500000692,2024-09-20,OR,3000,10,02,0000100194,3659.42,USD,Billed
4500000693,2024-12-16,OR,1000,10,01,0000100033,3878.69,USD,Billed
4500000694,2025-07-30,OR,1000,10,01,0000100172,2374.44,USD,Billed
4500000695,2025-09-13,OR,1000,20,02,0000100094,239.36,USD,Billed
4500000696,2026-03-12,OR,1000,12,01,0000100038,59.25,USD,Billed
4500000697,2026-03-16,OR,2000,10,00,0000100039,1379.91,USD,Billed
4500000698,2025-06-20,RE,3000,20,00,0000100093,2811.16,USD,Billed
4500000699,2025-12-25,OR,1000,12,01,0000100168,4378.55,USD,Billed
4500000700,2025-04-16,OR,1000,10,01,0000100117,1516.21,USD,Billed
4500000701,2025-09-20,OR,3000,12,00,0000100064,310.76,USD,Billed
4500000702,2026-05-19,OR,1000,20,01,0000100071,200.34,USD,Billed
4500000703,2026-03-02,RE,3000,12,00,0000100049,6258.42,USD,Billed
4500000704,2024-09-27,OR,1000,12,01,0000100007,2864.17,USD,Billed
4500000705,2026-02-24,OR,3000,12,01,0000100167,231.6,USD,Billed
4500000706,2025-11-08,OR,3000,12,01,0000100005,2250.74,USD,Billed
4500000707,2026-06-27,OR,2000,12,00,0000100050,4273.84,USD,Billed
4500000708,2024-10-24,ZOR,3000,10,00,0000100015,1985.11,USD,Billed
4500000709,2024-09-13,RE,3000,20,00,0000100084,3439.63,USD,Billed
4500000710,2025-04-21,OR,1000,10,01,0000100087,3015.16,USD,Billed
4500000711,2026-08-28,RE,3000,10,00,0000100097,2342.2,USD,Billed
4500000712,2025-05-23,RE,3000,10,01,0000100110,1265.2,USD,Billed
4500000713,2025-10-23,OR,3000,20,00,0000100065,1159.14,USD,Billed
4500000714,2025-02-17,OR,1000,10,02,0000100023,2978.93,USD,Billed
4500000715,2025-09-19,ZOR,2000,20,02,0000100025,56.08,USD,Billed
4500000716,2026-03-24,OR,2000,20,00,0000100108,10243.28,USD,Billed
4500000717,2025-05-02,OR,1000,20,02,0000100015,8460.64,USD,Billed
4500000718,2024-11-11,OR,2000,10,00,0000100074,124.1,USD,Billed
4500000719,2025-11-21,RE,1000,12,01,0000100041,830.84,USD,Billed
4500000720,2024-11-05,OR,3000,20,00,0000100147,1164.18,USD,Cancelled
4500000721,2024-10-05,OR,3000,12,01,0000100039,1462.48,USD,Billed
4500000722,2025-01-05,OR,3000,20,00,0000100192,1129.01,USD,Billed
4500000723,2025-05-24,RE,3000,20,02,0000100054,5051.07,USD,Billed
4500000724,2025-01-10,OR,3000,12,01,0000100018,514.79,USD,Billed
4500000725,2026-08-18,OR,1000,10,02,0000100147,2363.48,USD,Billed
4500000726,2026-01-26,ZOR,2000,20,02,0000100094,257.25,USD,Billed
4500000727,2026-03-24,ZOR,1000,10,00,0000100107,34.3,USD,Billed
4500000728,2026-01-25,OR,2000,12,01,0000100039,3096.77,USD,Billed
4500000729,2025-05-03,OR,2000,12,01,0000100007,1492.08,USD,Billed
4500000730,2024-09-29,OR,2000,20,02,0000100171,2713.34,USD,Billed
4500000731,2024-09-22,OR,2000,20,02,0000100166,6445.69,USD,Billed
4500000732,2024-12-26,OR,2000,10,01,0000100189,2951.53,USD,Billed
4500000733,2025-06-08,OR,3000,20,02,0000100165,3021.9,USD,Billed
4500000734,2025-10-02,OR,3000,12,00,0000100190,5270.72,USD,Billed
4500000735,2026-03-16,OR,1000,12,02,0000100047,2474.49,USD,Billed
4500000736,2026-07-24,CS,3000,12,00,0000100160,1775.63,USD,Billed
4500000737,2026-05-18,OR,1000,20,01,0000100017,9456.54,USD,Billed
4500000738,2025-11-26,ZOR,2000,20,00,0000100186,1667.96,USD,Cancelled
4500000739,2026-02-17,OR,1000,10,00,0000100163,271.14,USD,Billed
4500000740,2026-08-14,RE,3000,10,02,0000100016,1206.9,USD,Billed
4500000741,2026-08-01,OR,3000,10,01,0000100029,1186.59,USD,Billed
4500000742,2025-12-14,OR,2000,20,00,0000100045,2973.43,USD,Billed
4500000743,2026-02-03,OR,2000,12,01,0000100090,4561.9,USD,Billed
4500000744,2026-05-18,OR,2000,20,02,0000100062,7124.32,USD,Billed
4500000745,2026-06-08,OR,2000,20,01,0000100167,554.73,USD,Billed
4500000746,2025-10-08,OR,1000,12,02,0000100082,1944.18,USD,Billed
4500000747,2025-11-03,OR,3000,10,00,0000100034,184.32,USD,Billed
4500000748,2026-08-19,ZOR,2000,10,00,0000100127,83.07,USD,Billed
4500000749,2025-04-13,RE,1000,12,00,0000100031,717.72,USD,Billed
4500000750,2025-05-19,OR,3000,10,01,0000100062,494.72,USD,Billed
4500000751,2026-09-10,OR,1000,10,00,0000100059,6105.45,USD,In Process
4500000752,2025-09-23,OR,3000,10,00,0000100138,8487.55,USD,Billed
4500000753,2025-11-22,OR,1000,10,01,0000100019,3373.17,USD,Billed
4500000754,2025-06-17,OR,3000,12,02,0000100145,1461.0,USD,Billed
4500000755,2024-09-18,RE,3000,20,02,0000100163,5752.82,USD,Billed
4500000756,2025-11-09,OR,3000,20,00,0000100190,3058.4,USD,Billed
4500000757,2026-04-18,ZOR,2000,12,01,0000100194,3446.96,USD,Billed
4500000758,2025-07-31,OR,3000,12,00,0000100150,1612.9,USD,Billed
4500000759,2024-12-11,ZOR,2000,20,02,0000100060,3567.66,USD,Billed
4500000760,2024-11-13,OR,3000,20,01,0000100084,2264.08,USD,Cancelled
4500000761,2024-10-19,OR,2000,10,02,0000100159,4663.04,USD,Billed
4500000762,2026-06-04,OR,1000,20,01,0000100133,1771.75,USD,Billed
4500000763,2025-12-10,OR,3000,20,00,0000100007,923.5,USD,Billed
4500000764,2026-04-19,OR,2000,10,00,0000100190,1057.98,USD,Billed
4500000765,2026-05-09,OR,2000,12,00,0000100143,10756.52,USD,Billed
4500000766,2024-10-02,CS,1000,20,00,0000100188,2153.65,USD,Billed
4500000767,2025-10-17,OR,1000,20,01,0000100199,116.48,USD,Billed
4500000768,2025-01-08,OR,1000,20,01,0000100054,2267.01,USD,Billed
4500000769,2025-04-11,OR,2000,20,00,0000100018,580.73,USD,Billed
4500000770,2025-01-23,OR,3000,20,01,0000100141,4956.96,USD,Billed
4500000771,2025-09-26,RE,2000,20,00,0000100028,888.14,USD,Billed
4500000772,2025-05-08,OR,2000,20,01,0000100047,2922.72,USD,Cancelled
4500000773,2024-11-14,ZOR,3000,10,02,0000100118,3621.24,USD,Billed
4500000774,2026-04-23,OR,2000,20,01,0000100198,3371.84,USD,Billed
4500000775,2026-05-23,OR,3000,12,02,0000100050,2093.04,USD,Billed
4500000776,2025-10-17,RE,1000,10,01,0000100029,550.98,USD,Billed
4500000777,2026-06-22,OR,2000,20,01,0000100146,672.07,USD,Billed
4500000778,2025-10-09,OR,2000,20,00,0000100153,343.33,USD,Billed
4500000779,2025-01-09,CS,2000,20,00,0000100080,3532.05,USD,Billed
4500000780,2026-04-26,OR,1000,20,02,0000100175,429.18,USD,Billed
4500000781,2025-10-16,OR,3000,10,02,0000100141,4609.46,USD,Billed
4500000782,2025-06-19,OR,1000,20,02,0000100114,3680.52,USD,Billed
4500000783,2024-11-21,OR,2000,10,00,0000100100,4483.69,USD,Billed
4500000784,2026-05-17,OR,2000,20,00,0000100121,557.92,USD,Billed
4500000785,2025-04-02,OR,2000,20,00,0000100082,241.83,USD,Billed
4500000786,2026-08-27,OR,3000,12,00,0000100069,2329.2,USD,Billed
4500000787,2025-02-26,OR,2000,10,02,0000100125,1211.86,USD,Billed
4500000788,2025-04-02,OR,1000,12,02,0000100116,3535.11,USD,Billed
4500000789,2025-12-18,OR,1000,12,02,0000100128,1280.84,USD,Billed
4500000790,2026-02-06,RE,1000,10,02,0000100163,53.44,USD,Billed
4500000791,2026-07-25,OR,3000,12,01,0000100076,2868.04,USD,Billed
4500000792,2025-04-18,OR,1000,10,00,0000100027,11564.9,USD,Billed
4500000793,2024-12-01,OR,2000,20,00,0000100033,1941.35,USD,Billed
4500000794,2026-05-05,OR,3000,20,00,0000100132,33.5,USD,Billed
4500000795,2025-05-29,CS,1000,12,00,0000100193,7159.66,USD,Billed
4500000796,2024-12-02,CS,3000,12,00,0000100160,1083.6,USD,Billed
4500000797,2025-04-20,CS,3000,12,00,0000100042,334.97,USD,Billed
4500000798,2025-05-22,OR,1000,10,01,0000100053,258.65,USD,Billed
4500000799,2024-10-08,ZOR,2000,12,02,0000100185,487.08,USD,Cancelled
4500000800,2026-09-05,OR,1000,12,00,0000100053,3359.54,USD,In Process
4500000801,2026-05-21,OR,3000,12,01,0000100029,1247.36,USD,Billed
4500000802,2025-10-28,OR,3000,12,02,0000100125,2143.94,USD,Billed
4500000803,2025-08-07,OR,3000,10,01,0000100038,515.97,USD,Billed
4500000804,2024-10-07,RE,1000,20,00,0000100081,82.23,USD,Cancelled
4500000805,2025-10-15,OR,1000,12,01,0000100002,3149.96,USD,Billed
4500000806,2025-05-20,OR,1000,12,01,0000100003,1527.93,USD,Billed
4500000807,2026-04-26,OR,2000,12,01,0000100150,109.55,USD,Billed
4500000808,2025-01-05,RE,2000,10,00,0000100181,2748.38,USD,Billed
4500000809,2025-04-11,ZOR,1000,12,02,0000100095,1711.29,USD,Billed
4500000810,2026-03-19,OR,2000,12,01,0000100021,1694.4,USD,Billed
4500000811,2026-09-06,CS,2000,12,00,0000100187,297.36,USD,Billed
4500000812,2025-10-08,RE,3000,20,01,0000100118,2930.89,USD,Cancelled
4500000813,2025-05-10,OR,1000,20,02,0000100067,66.6,USD,Billed
4500000814,2026-01-28,OR,3000,12,00,0000100029,74.74,USD,Billed
4500000815,2026-08-22,OR,3000,12,00,0000100080,4487.49,USD,Billed
4500000816,2024-10-04,OR,2000,20,00,0000100153,9274.03,USD,Billed
4500000817,2025-02-04,ZOR,2000,20,00,0000100067,232.94,USD,Billed
4500000818,2024-12-16,OR,2000,12,01,0000100028,213.9,USD,Billed
4500000819,2025-11-07,OR,3000,12,01,0000100014,269.4,USD,Cancelled
4500000820,2026-05-19,OR,2000,12,02,0000100018,328.5,USD,Billed
4500000821,2025-05-16,ZOR,3000,10,00,0000100147,1410.38,USD,Billed
4500000822,2026-05-05,OR,2000,20,01,0000100168,6739.91,USD,Billed
4500000823,2024-09-24,OR,2000,20,01,0000100075,7355.71,USD,Billed
4500000824,2024-11-16,OR,1000,12,01,0000100040,1660.0,USD,Billed
4500000825,2025-02-16,OR,1000,20,00,0000100030,1373.69,USD,Cancelled
4500000826,2026-05-18,ZOR,1000,12,00,0000100151,1111.13,USD,Billed
4500000827,2025-11-30,OR,1000,10,01,0000100091,3591.26,USD,Billed
4500000828,2024-10-27,OR,2000,20,01,0000100190,4801.81,USD,Cancelled
4500000829,2026-02-07,OR,1000,10,02,0000100039,371.18,USD,Billed
4500000830,2026-06-14,ZOR,3000,10,01,0000100044,4271.42,USD,Billed
4500000831,2025-08-03,RE,2000,20,01,0000100125,3505.0,USD,Billed
4500000832,2025-09-01,OR,2000,20,01,0000100023,453.71,USD,Billed
4500000833,2026-06-20,OR,3000,20,02,0000100042,1919.66,USD,Cancelled
4500000834,2025-01-31,CS,3000,20,02,0000100101,4149.33,USD,Billed
4500000835,2025-04-05,OR,3000,12,01,0000100140,61.25,USD,Billed
4500000836,2026-05-15,OR,2000,20,02,0000100048,1762.13,USD,Billed
4500000837,2025-03-17,OR,2000,20,01,0000100181,2405.15,USD,Billed
4500000838,2026-03-23,OR,1000,12,01,0000100147,2825.23,USD,Billed
4500000839,2024-11-09,OR,3000,10,01,0000100140,2148.0,USD,Billed
4500000840,2025-02-08,OR,3000,10,02,0000100199,6228.25,USD,Billed
4500000841,2025-07-31,OR,2000,20,02,0000100044,2652.92,USD,Billed
4500000842,2025-09-27,OR,1000,10,00,0000100120,27823.25,USD,Billed
4500000843,2025-04-10,OR,1000,12,01,0000100077,5726.63,USD,Billed
4500000844,2024-11-11,OR,3000,20,00,0000100048,156.5,USD,Billed
4500000845,2024-11-14,CS,3000,20,01,0000100149,2785.48,USD,Billed
4500000846,2026-05-19,OR,2000,20,01,0000100082,2822.8,USD,Billed
4500000847,2025-04-20,ZOR,2000,12,02,0000100075,5185.21,USD,Billed
4500000848,2025-05-24,OR,2000,10,01,0000100039,886.56,USD,Billed
4500000849,2026-03-26,OR,2000,12,01,0000100066,3890.44,USD,Billed
4500000850,2026-01-27,OR,3000,10,02,0000100061,2860.75,USD,Billed
4500000851,2025-08-03,OR,1000,10,02,0000100146,655.69,USD,Billed
4500000852,2025-03-15,OR,2000,20,01,0000100090,2225.07,USD,Billed
4500000853,2025-08-14,OR,3000,20,00,0000100001,3689.85,USD,Billed
4500000854,2026-05-22,OR,3000,10,01,0000100099,370.76,USD,Billed
4500000855,2025-12-02,OR,2000,10,02,0000100165,1468.49,USD,Billed
4500000856,2025-03-27,OR,2000,10,01,0000100006,5762.92,USD,Billed
4500000857,2025-05-13,CS,1000,20,00,0000100177,2391.5,USD,Billed
4500000858,2026-02-28,OR,1000,20,02,0000100047,13649.02,USD,Billed
4500000859,2026-07-04,OR,2000,20,00,0000100160,14859.82,USD,Billed
4500000860,2025-04-27,OR,3000,12,00,0000100074,518.41,USD,Billed
4500000861,2025-07-24,OR,2000,20,01,0000100174,115.56,USD,Billed
4500000862,2025-03-04,OR,1000,10,02,0000100045,3122.86,USD,Billed
4500000863,2025-10-28,OR,3000,20,01,0000100061,1161.92,USD,Billed
4500000864,2025-10-11,OR,1000,20,01,0000100037,4253.78,USD,Billed
4500000865,2026-03-25,OR,3000,10,02,0000100160,4764.9,USD,Billed
4500000866,2026-06-21,OR,1000,20,00,0000100160,17034.08,USD,Billed
4500000867,2026-05-21,ZOR,1000,12,02,0000100063,924.04,USD,Cancelled
4500000868,2026-07-22,OR,2000,10,01,0000100146,2287.06,USD,Cancelled
4500000869,2025-09-22,OR,1000,20,02,0000100135,772.46,USD,Billed
4500000870,2024-11-24,OR,3000,20,02,0000100091,1351.26,USD,Billed
4500000871,2026-04-18,ZOR,2000,20,00,0000100057,4343.46,USD,Billed
4500000872,2024-10-19,OR,2000,20,00,0000100083,413.07,USD,Billed
4500000873,2024-11-28,OR,3000,12,00,0000100071,3635.38,USD,Billed
4500000874,2026-01-11,OR,2000,20,01,0000100124,253.92,USD,Billed
4500000875,2026-02-05,OR,2000,10,01,0000100039,1108.91,USD,Cancelled
4500000876,2026-04-21,OR,3000,20,02,0000100096,748.75,USD,Billed
4500000877,2025-03-23,OR,2000,10,02,0000100191,4641.98,USD,Billed
4500000878,2026-03-06,ZOR,1000,12,02,0000100190,641.98,USD,Billed
4500000879,2025-08-06,OR,1000,12,02,0000100055,2770.94,USD,Billed
4500000880,2024-09-26,OR,2000,12,02,0000100006,1254.56,USD,Billed
4500000881,2026-03-01,OR,1000,12,02,0000100111,2688.25,USD,Cancelled
4500000882,2026-01-08,OR,3000,20,02,0000100175,7313.87,USD,Cancelled
4500000883,2025-06-10,OR,2000,12,01,0000100091,1089.17,USD,Billed
4500000884,2025-07-15,OR,1000,10,00,0000100037,1285.06,USD,Billed
4500000885,2024-12-20,OR,2000,12,02,0000100052,380.26,USD,Billed
4500000886,2026-04-26,OR,1000,12,02,0000100082,412.88,USD,Billed
4500000887,2025-03-11,OR,3000,12,01,0000100003,1506.18,USD,Billed
4500000888,2025-02-17,OR,1000,10,00,0000100135,220.32,USD,Billed
4500000889,2026-04-12,OR,1000,12,01,0000100189,653.72,USD,Billed
4500000890,2025-06-18,OR,2000,20,00,0000100069,2223.64,USD,Billed
4500000891,2025-12-10,CS,1000,10,01,0000100079,6747.29,USD,Billed
4500000892,2025-09-29,OR,3000,12,00,0000100117,3175.52,USD,Billed
4500000893,2025-09-09,OR,3000,20,01,0000100185,5474.9,USD,Billed
4500000894,2025-12-06,ZOR,2000,10,01,0000100066,307.28,USD,Billed
4500000895,2025-09-01,OR,2000,20,00,0000100047,2155.94,USD,Billed
4500000896,2024-11-08,OR,3000,20,02,0000100195,4685.4,USD,Billed
4500000897,2025-09-15,OR,3000,10,02,0000100058,1318.22,USD,Billed
4500000898,2025-10-09,CS,3000,10,00,0000100009,139.36,USD,Billed
4500000899,2024-09-25,OR,3000,10,01,0000100005,3900.01,USD,Billed
4500000900,2024-09-14,OR,1000,20,02,0000100177,2338.98,USD,Billed
4500000901,2026-08-27,CS,1000,20,02,0000100163,1672.38,USD,Billed
4500000902,2025-05-12,OR,2000,20,01,0000100093,610.52,USD,Billed
4500000903,2024-12-04,OR,3000,12,02,0000100089,1431.84,USD,Billed
4500000904,2024-11-23,OR,1000,12,00,0000100045,1925.83,USD,Billed
4500000905,2025-08-02,OR,3000,10,00,0000100105,8971.64,USD,Billed
4500000906,2026-06-16,RE,3000,10,02,0000100167,972.01,USD,Billed
4500000907,2026-05-09,ZOR,1000,20,00,0000100120,1320.35,USD,Cancelled
4500000908,2025-09-10,OR,3000,12,00,0000100159,429.62,USD,Billed
4500000909,2026-03-11,OR,3000,20,02,0000100074,1207.91,USD,Billed
4500000910,2026-01-23,ZOR,3000,12,00,0000100173,5793.23,USD,Billed
4500000911,2026-03-07,ZOR,2000,12,00,0000100133,3686.64,USD,Billed
4500000912,2026-06-26,OR,3000,10,01,0000100023,812.55,USD,Billed
4500000913,2025-06-06,OR,3000,12,02,0000100035,4213.24,USD,Billed
4500000914,2025-09-10,OR,2000,20,02,0000100164,2094.44,USD,Billed
4500000915,2026-03-04,OR,2000,10,01,0000100118,2651.32,USD,Billed
4500000916,2026-03-12,OR,2000,12,01,0000100009,837.95,USD,Billed
4500000917,2026-05-10,OR,2000,12,00,0000100026,2621.6,USD,Billed
4500000918,2024-11-10,OR,3000,10,02,0000100113,5257.17,USD,Billed
4500000919,2026-01-21,ZOR,1000,10,01,0000100003,1909.3,USD,Billed
4500000920,2026-03-30,OR,3000,10,01,0000100116,1726.93,USD,Billed
4500000921,2025-12-13,RE,3000,10,01,0000100078,2831.14,USD,Billed
4500000922,2025-11-23,OR,2000,10,01,0000100075,204.93,USD,Billed
4500000923,2025-04-25,OR,2000,12,01,0000100090,7208.36,USD,Billed
4500000924,2025-05-31,ZOR,1000,12,01,0000100164,271.83,USD,Billed
4500000925,2025-02-26,CS,1000,10,02,0000100015,2443.18,USD,Billed
4500000926,2024-09-18,CS,2000,10,02,0000100098,254.08,USD,Billed
4500000927,2024-11-01,CS,1000,10,02,0000100150,162.98,USD,Billed
4500000928,2024-11-03,OR,2000,10,00,0000100085,821.04,USD,Billed
4500000929,2026-09-12,OR,1000,12,01,0000100130,2796.22,USD,In Process
4500000930,2025-10-07,OR,3000,20,00,0000100152,1765.36,USD,Billed
4500000931,2026-07-23,OR,3000,10,00,0000100164,5629.6,USD,Billed
4500000932,2025-08-18,RE,2000,10,01,0000100087,4795.36,USD,Cancelled
4500000933,2026-01-14,OR,3000,12,01,0000100024,913.08,USD,Billed
4500000934,2026-03-03,OR,3000,12,01,0000100140,7515.66,USD,Billed
4500000935,2024-10-17,ZOR,3000,12,02,0000100112,4054.02,USD,Billed
4500000936,2025-11-28,OR,1000,20,00,0000100135,4223.5,USD,Cancelled
4500000937,2024-11-18,OR,3000,12,01,0000100020,172.72,USD,Billed
4500000938,2024-11-11,RE,2000,12,01,0000100173,536.08,USD,Billed
4500000939,2025-03-25,OR,3000,10,02,0000100178,1859.07,USD,Billed
4500000940,2026-06-20,ZOR,3000,10,02,0000100102,1995.17,USD,Billed
4500000941,2026-03-25,RE,1000,12,01,0000100107,2137.32,USD,Billed
4500000942,2024-12-24,OR,3000,12,00,0000100092,1151.84,USD,Billed
4500000943,2025-04-09,OR,3000,20,01,0000100053,1492.78,USD,Billed
4500000944,2025-06-05,ZOR,1000,20,02,0000100079,4059.95,USD,Billed
4500000945,2025-02-24,ZOR,3000,12,01,0000100037,1698.31,USD,Billed
4500000946,2025-05-13,OR,3000,12,01,0000100098,2964.24,USD,Cancelled
4500000947,2025-06-21,OR,1000,20,02,0000100121,3918.36,USD,Billed
4500000948,2026-04-06,OR,2000,20,01,0000100151,2332.63,USD,Billed
4500000949,2026-08-13,ZOR,2000,12,00,0000100127,1763.48,USD,Billed
4500000950,2025-02-06,OR,3000,10,00,0000100115,540.48,USD,Billed
4500000951,2026-01-23,ZOR,1000,20,00,0000100030,223.1,USD,Billed
4500000952,2025-02-05,OR,2000,10,01,0000100094,676.08,USD,Billed
4500000953,2026-08-25,OR,1000,20,01,0000100011,857.47,USD,Billed
4500000954,2026-05-25,OR,3000,20,00,0000100128,1495.72,USD,Billed
4500000955,2026-01-13,OR,2000,12,02,0000100160,945.97,USD,Billed
4500000956,2026-03-11,OR,1000,10,02,0000100172,5111.59,USD,Billed
4500000957,2025-05-11,ZOR,1000,10,00,0000100171,127.86,USD,Billed
4500000958,2024-10-20,OR,2000,20,02,0000100000,321.6,USD,Billed
4500000959,2026-01-01,OR,2000,20,02,0000100026,906.02,USD,Billed
4500000960,2024-09-27,ZOR,2000,20,02,0000100151,837.96,USD,Billed
4500000961,2026-07-08,OR,1000,12,01,0000100123,1182.89,USD,Billed
4500000962,2026-08-30,RE,3000,10,00,0000100097,26793.2,USD,Billed
4500000963,2026-04-21,ZOR,2000,12,00,0000100029,492.89,USD,Billed
4500000964,2025-02-05,OR,2000,10,01,0000100147,939.69,USD,Billed
4500000965,2024-11-19,OR,3000,20,02,0000100085,7519.14,USD,Billed
4500000966,2026-02-15,OR,2000,12,02,0000100121,408.58,USD,Billed
4500000967,2026-07-07,OR,2000,20,02,0000100169,1269.05,USD,Billed
4500000968,2026-02-06,OR,1000,10,02,0000100083,283.17,USD,Billed
4500000969,2025-08-31,OR,1000,12,00,0000100136,726.77,USD,Billed
4500000970,2025-04-26,OR,3000,20,01,0000100066,2103.91,USD,Billed
4500000971,2025-12-03,RE,1000,10,01,0000100145,1692.0,USD,Billed
4500000972,2025-05-27,OR,2000,12,02,0000100113,1769.12,USD,Billed
4500000973,2025-01-04,OR,3000,20,00,0000100098,5677.25,USD,Billed
4500000974,2025-08-23,OR,1000,20,01,0000100184,1155.77,USD,Billed
4500000975,2025-10-26,ZOR,1000,20,01,0000100126,168.26,USD,Billed
4500000976,2026-01-23,OR,2000,10,01,0000100157,3352.36,USD,Billed
4500000977,2026-02-02,ZOR,1000,20,02,0000100156,1826.28,USD,Billed
4500000978,2025-05-04,OR,2000,12,02,0000100189,3104.04,USD,Billed
4500000979,2025-08-27,OR,1000,12,01,0000100071,28.98,USD,Billed
4500000980,2026-03-14,OR,1000,12,00,0000100140,162.46,USD,Billed
4500000981,2026-07-19,RE,1000,20,00,0000100090,1669.2,USD,Billed
4500000982,2026-02-21,ZOR,2000,20,01,0000100161,684.79,USD,Billed
4500000983,2025-09-17,OR,2000,12,01,0000100096,5412.55,USD,Billed
4500000984,2024-09-27,OR,1000,20,01,0000100017,1666.25,USD,Billed
4500000985,2025-08-11,OR,1000,10,00,0000100068,309.3,USD,Billed
4500000986,2025-09-08,OR,3000,12,02,0000100058,2971.55,USD,Billed
4500000987,2025-10-20,OR,1000,10,00,0000100157,792.73,USD,Billed
4500000988,2025-10-15,OR,3000,20,01,0000100126,5724.18,USD,Billed
4500000989,2025-08-14,CS,3000,12,02,0000100150,4213.21,USD,Billed
4500000990,2025-07-17,OR,2000,12,00,0000100003,369.8,USD,Billed
4500000991,2025-10-06,CS,3000,10,01,0000100032,2257.08,USD,Cancelled
4500000992,2025-05-03,OR,3000,20,01,0000100014,4795.58,USD,Billed
4500000993,2026-04-14,RE,2000,12,01,0000100145,7045.45,USD,Cancelled
4500000994,2025-05-24,CS,3000,12,02,0000100003,625.06,USD,Billed
4500000995,2026-06-23,OR,2000,20,02,0000100032,7.32,USD,Billed
4500000996,2026-08-06,OR,3000,10,02,0000100031,1153.68,USD,Billed
4500000997,2026-02-24,OR,2000,20,00,0000100061,2045.71,USD,Cancelled
4500000998,2024-11-27,OR,2000,12,02,0000100022,2976.52,USD,Billed
4500000999,2026-05-02,OR,3000,12,02,0000100042,4715.0,USD,Billed
4500001000,2026-05-31,OR,1000,12,02,0000100024,2458.31,USD,Billed
4500001001,2024-10-14,OR,2000,10,01,0000100177,2006.29,USD,Billed
4500001002,2026-03-05,OR,3000,20,01,0000100113,674.25,USD,Billed
4500001003,2026-03-20,RE,3000,12,00,0000100163,2205.35,USD,Billed
4500001004,2025-05-31,OR,2000,20,00,0000100096,162.8,USD,Billed
4500001005,2025-04-03,OR,1000,12,01,0000100174,134.9,USD,Billed
4500001006,2024-09-21,OR,2000,10,00,0000100165,206.22,USD,Billed
4500001007,2026-07-08,OR,1000,20,00,0000100171,1561.45,USD,Billed
4500001008,2025-06-04,OR,3000,10,02,0000100056,1194.54,USD,Billed
4500001009,2026-03-25,OR,3000,10,01,0000100190,1257.51,USD,Billed
4500001010,2025-01-23,OR,3000,20,02,0000100140,5664.57,USD,Billed
4500001011,2026-03-28,OR,3000,12,01,0000100181,2612.75,USD,Billed
4500001012,2025-04-07,OR,2000,20,01,0000100141,372.06,USD,Billed
4500001013,2025-10-31,OR,3000,12,00,0000100162,607.2,USD,Billed
4500001014,2025-03-18,OR,1000,10,00,0000100180,5117.28,USD,Billed
4500001015,2025-06-23,ZOR,1000,10,02,0000100046,3282.58,USD,Billed
4500001016,2025-12-21,OR,1000,12,00,0000100154,1321.46,USD,Billed
4500001017,2025-01-11,OR,1000,12,02,0000100153,1124.3,USD,Billed
4500001018,2025-04-25,ZOR,1000,10,01,0000100186,4061.38,USD,Billed
4500001019,2025-06-23,OR,3000,10,02,0000100144,246.24,USD,Billed
4500001020,2025-06-24,OR,3000,20,01,0000100103,754.39,USD,Billed
4500001021,2025-06-24,OR,3000,12,02,0000100043,211.08,USD,Billed
4500001022,2025-03-10,OR,2000,20,01,0000100055,5779.12,USD,Billed
4500001023,2024-12-11,ZOR,1000,20,01,0000100102,5403.63,USD,Billed
4500001024,2026-03-11,OR,3000,20,00,0000100125,1019.81,USD,Billed
4500001025,2025-09-12,OR,2000,20,00,0000100091,325.8,USD,Billed
4500001026,2026-04-28,OR,3000,20,02,0000100082,2183.46,USD,Billed
4500001027,2025-02-11,OR,3000,20,00,0000100047,804.76,USD,Billed
4500001028,2026-09-08,OR,3000,12,02,0000100103,1434.12,USD,Billed
4500001029,2024-11-12,OR,1000,12,01,0000100134,146.58,USD,Billed
4500001030,2024-09-30,OR,1000,12,02,0000100121,180.31,USD,Billed
4500001031,2026-08-20,ZOR,1000,12,01,0000100096,1052.4,USD,Billed
4500001032,2025-05-17,OR,3000,12,00,0000100171,5178.13,USD,Billed
4500001033,2025-09-18,ZOR,1000,20,00,0000100188,16285.64,USD,Billed
4500001034,2025-06-30,ZOR,3000,12,02,0000100121,70.2,USD,Billed
4500001035,2025-02-18,RE,1000,10,02,0000100012,2840.19,USD,Billed
4500001036,2026-07-29,OR,1000,20,00,0000100010,718.58,USD,Billed
4500001037,2026-07-30,OR,2000,20,01,0000100172,287.08,USD,Billed
4500001038,2025-09-09,CS,2000,20,02,0000100054,8967.52,USD,Billed
4500001039,2025-10-25,OR,2000,12,01,0000100034,4360.16,USD,Billed
4500001040,2025-06-25,OR,2000,12,01,0000100019,7859.52,USD,Billed
4500001041,2026-03-18,OR,3000,20,01,0000100107,4735.2,USD,Billed
4500001042,2025-11-30,OR,2000,20,02,0000100196,1071.65,USD,Billed
4500001043,2025-08-17,OR,2000,12,00,0000100179,2098.2,USD,Billed
4500001044,2024-11-13,CS,3000,20,02,0000100178,691.15,USD,Billed
4500001045,2026-06-07,OR,1000,10,00,0000100157,230.32,USD,Billed
4500001046,2026-01-09,RE,3000,10,00,0000100027,1919.08,USD,Billed
4500001047,2025-04-30,OR,2000,12,01,0000100133,2770.72,USD,Billed
4500001048,2026-03-07,OR,2000,10,01,0000100073,169.5,USD,Billed
4500001049,2025-11-09,OR,2000,20,01,0000100079,575.28,USD,Billed
4500001050,2024-11-11,OR,2000,20,00,0000100078,3696.58,USD,Billed
4500001051,2024-12-25,OR,3000,10,02,0000100017,927.42,USD,Billed
4500001052,2024-10-29,OR,1000,10,01,0000100041,4119.89,USD,Billed
4500001053,2026-01-16,RE,3000,10,00,0000100192,5372.9,USD,Billed
4500001054,2025-03-22,OR,3000,20,00,0000100182,2470.47,USD,Billed
4500001055,2026-04-24,OR,1000,10,02,0000100003,3606.92,USD,Billed
4500001056,2026-07-31,OR,1000,20,01,0000100196,2876.0,USD,Cancelled
4500001057,2025-10-01,OR,3000,12,02,0000100012,466.98,USD,Billed
4500001058,2025-06-09,OR,2000,20,02,0000100123,2708.38,USD,Cancelled
4500001059,2025-04-09,OR,1000,10,02,0000100119,338.76,USD,Billed
4500001060,2025-06-15,OR,2000,12,02,0000100114,918.04,USD,Billed
4500001061,2025-11-18,OR,3000,20,01,0000100053,318.08,USD,Billed
4500001062,2025-05-12,OR,1000,12,01,0000100131,16.36,USD,Billed
4500001063,2025-02-15,OR,2000,10,00,0000100053,9165.67,USD,Billed
4500001064,2025-07-29,OR,2000,12,01,0000100182,3446.83,USD,Billed
4500001065,2025-02-01,OR,2000,10,02,0000100154,5180.28,USD,Billed
4500001066,2025-12-22,OR,3000,12,01,0000100073,1811.7,USD,Billed
4500001067,2025-11-08,OR,1000,10,02,0000100009,5509.3,USD,Billed
4500001068,2024-11-07,OR,3000,20,00,0000100027,1459.2,USD,Billed
4500001069,2026-01-11,OR,1000,20,01,0000100023,1941.0,USD,Billed
4500001070,2026-02-25,OR,3000,20,02,0000100105,7170.65,USD,Billed
4500001071,2025-01-25,OR,2000,12,00,0000100198,5206.01,USD,Billed
4500001072,2025-12-13,OR,1000,12,02,0000100031,2244.38,USD,Billed
4500001073,2026-01-24,OR,2000,20,02,0000100085,1532.99,USD,Billed
4500001074,2025-04-09,OR,3000,12,01,0000100168,253.8,USD,Cancelled
4500001075,2026-03-17,OR,1000,12,01,0000100163,1900.29,USD,Billed
4500001076,2024-10-19,ZOR,1000,10,00,0000100042,745.29,USD,Billed
4500001077,2025-02-09,OR,2000,20,02,0000100035,2127.36,USD,Billed
4500001078,2025-05-04,OR,1000,10,02,0000100030,9128.19,USD,Billed
4500001079,2025-04-16,OR,3000,12,00,0000100080,1060.8,USD,Billed
4500001080,2026-06-03,OR,3000,10,02,0000100047,3282.73,USD,Billed
4500001081,2025-06-14,ZOR,2000,10,02,0000100068,5149.25,USD,Billed
4500001082,2025-11-13,OR,1000,20,00,0000100097,834.35,USD,Billed
4500001083,2025-01-29,OR,3000,20,01,0000100192,1956.27,USD,Billed
4500001084,2026-03-20,OR,2000,20,02,0000100025,882.06,USD,Billed
4500001085,2025-10-27,OR,2000,10,02,0000100074,2425.9,USD,Billed
4500001086,2025-09-15,ZOR,2000,12,01,0000100104,3167.93,USD,Billed
4500001087,2025-11-09,OR,1000,10,02,0000100194,186.75,USD,Cancelled
4500001088,2025-08-13,OR,3000,10,01,0000100106,121.55,USD,Billed
4500001089,2025-11-01,ZOR,3000,10,01,0000100051,556.37,USD,Billed
4500001090,2024-12-24,OR,1000,12,00,0000100167,2345.04,USD,Billed
4500001091,2026-01-30,OR,2000,12,00,0000100137,7779.97,USD,Billed
4500001092,2024-10-27,OR,2000,20,01,0000100048,1313.36,USD,Billed
4500001093,2025-03-14,OR,2000,12,01,0000100098,2093.13,USD,Billed
4500001094,2025-07-14,OR,1000,20,00,0000100067,1466.28,USD,Billed
4500001095,2024-11-21,RE,1000,10,00,0000100085,2851.14,USD,Billed
4500001096,2025-04-02,OR,2000,10,02,0000100167,761.3,USD,Billed
4500001097,2025-06-30,RE,2000,12,00,0000100038,66.12,USD,Cancelled
4500001098,2026-01-29,OR,3000,12,00,0000100055,2378.02,USD,Billed
4500001099,2025-06-18,OR,2000,12,01,0000100103,384.39,USD,Billed
4500001100,2026-04-27,OR,1000,12,02,0000100133,3784.28,USD,Billed
4500001101,2025-11-16,OR,2000,12,01,0000100014,4205.43,USD,Billed
4500001102,2026-03-15,OR,1000,20,02,0000100160,1098.66,USD,Billed
4500001103,2025-09-21,OR,3000,12,00,0000100164,1287.69,USD,Billed
4500001104,2025-05-30,OR,1000,10,01,0000100046,4191.57,USD,Cancelled
4500001105,2026-04-14,OR,2000,10,02,0000100038,2899.25,USD,Billed
4500001106,2026-06-26,OR,3000,10,02,0000100017,731.55,USD,Billed
4500001107,2025-01-25,OR,1000,20,01,0000100009,2790.05,USD,Billed
4500001108,2024-10-17,RE,3000,10,01,0000100028,564.05,USD,Billed
4500001109,2026-07-26,OR,3000,20,00,0000100037,601.44,USD,Billed
4500001110,2025-09-10,OR,2000,10,02,0000100186,1403.88,USD,Cancelled
4500001111,2025-11-07,OR,2000,20,02,0000100007,462.07,USD,Billed
4500001112,2025-08-10,OR,2000,20,02,0000100036,4760.28,USD,Billed
4500001113,2025-07-22,ZOR,3000,20,00,0000100100,2772.46,USD,Billed
4500001114,2025-10-01,OR,1000,12,00,0000100121,1080.44,USD,Billed
4500001115,2026-01-07,OR,2000,20,02,0000100042,497.4,USD,Billed
4500001116,2026-01-03,OR,2000,20,02,0000100000,312.64,USD,Billed
4500001117,2026-01-13,OR,2000,20,02,0000100178,1148.55,USD,Billed
4500001118,2026-06-26,OR,1000,12,00,0000100090,12564.72,USD,Billed
4500001119,2025-10-06,OR,3000,10,00,0000100024,5737.95,USD,Billed
4500001120,2026-06-13,CS,2000,12,02,0000100114,869.0,USD,Billed
4500001121,2024-12-14,OR,3000,10,01,0000100084,5175.43,USD,Billed
4500001122,2024-12-02,OR,1000,10,01,0000100083,2625.5,USD,Billed
4500001123,2024-10-21,OR,1000,20,01,0000100162,2210.75,USD,Billed
4500001124,2025-10-28,OR,2000,12,01,0000100034,59.77,USD,Billed
4500001125,2025-06-19,OR,3000,20,02,0000100042,1743.36,USD,Cancelled
4500001126,2025-01-12,CS,2000,20,00,0000100171,1582.14,USD,Billed
4500001127,2026-09-06,OR,3000,12,02,0000100001,3837.73,USD,In Process
4500001128,2026-02-18,RE,2000,20,01,0000100131,1123.45,USD,Billed
4500001129,2025-12-28,OR,2000,20,00,0000100128,3323.54,USD,Billed
4500001130,2025-01-14,OR,3000,12,01,0000100021,895.85,USD,Billed
4500001131,2024-09-26,OR,2000,10,00,0000100067,263.12,USD,Billed
4500001132,2024-11-23,OR,3000,12,00,0000100172,2827.6,USD,Billed
4500001133,2026-04-07,RE,3000,12,02,0000100010,1302.65,USD,Billed
4500001134,2025-01-24,OR,2000,20,01,0000100152,786.0,USD,Billed
4500001135,2025-02-23,ZOR,3000,20,01,0000100062,240.65,USD,Billed
4500001136,2026-03-04,OR,2000,20,00,0000100188,3362.22,USD,Billed
4500001137,2025-07-31,OR,3000,10,02,0000100133,1685.68,USD,Billed
4500001138,2025-05-24,CS,2000,20,01,0000100186,400.1,USD,Billed
4500001139,2026-03-06,OR,2000,10,01,0000100092,1433.71,USD,Billed
4500001140,2025-06-09,OR,3000,12,00,0000100025,36.4,USD,Billed
4500001141,2026-08-02,OR,1000,10,00,0000100175,1693.6,USD,Billed
4500001142,2024-12-10,OR,2000,12,00,0000100130,25638.01,USD,Billed
4500001143,2025-11-26,OR,3000,20,01,0000100010,3289.67,USD,Billed
4500001144,2025-07-18,OR,3000,12,00,0000100199,228.84,USD,Billed
4500001145,2025-04-21,RE,1000,20,02,0000100199,236.49,USD,Billed
4500001146,2024-09-24,OR,1000,10,00,0000100193,551.79,USD,Billed
4500001147,2025-02-17,OR,2000,12,02,0000100141,3595.12,USD,Billed
4500001148,2025-08-07,OR,2000,12,00,0000100025,3878.52,USD,Cancelled
4500001149,2026-02-04,OR,1000,10,01,0000100104,3025.65,USD,Billed
4500001150,2025-03-14,OR,2000,10,02,0000100124,390.32,USD,Billed
4500001151,2025-06-30,ZOR,3000,20,02,0000100122,1659.5,USD,Billed
4500001152,2025-10-03,OR,3000,20,01,0000100092,172.9,USD,Billed
4500001153,2025-06-15,OR,1000,12,02,0000100130,9625.49,USD,Cancelled
4500001154,2025-07-15,OR,1000,10,01,0000100037,1580.54,USD,Billed
4500001155,2025-03-26,OR,1000,10,02,0000100099,2031.9,USD,Billed
4500001156,2025-08-02,OR,1000,20,02,0000100157,1493.98,USD,Billed
4500001157,2024-09-18,OR,2000,12,02,0000100140,5275.76,USD,Billed
4500001158,2026-02-15,OR,2000,20,02,0000100105,2262.93,USD,Billed
4500001159,2025-11-19,OR,3000,10,00,0000100182,3066.16,USD,Billed
4500001160,2026-01-28,OR,1000,12,00,0000100022,2481.14,USD,Billed
4500001161,2025-11-26,ZOR,3000,12,00,0000100012,8162.68,USD,Billed
4500001162,2026-01-14,RE,3000,12,00,0000100115,3710.26,USD,Billed
4500001163,2026-07-07,RE,1000,12,01,0000100161,9430.6,USD,Billed
4500001164,2025-12-19,OR,1000,10,01,0000100029,5944.29,USD,Billed
4500001165,2025-07-13,OR,2000,20,02,0000100184,923.06,USD,Billed
4500001166,2026-01-21,OR,2000,10,02,0000100080,951.52,USD,Billed
4500001167,2025-02-25,OR,2000,12,02,0000100158,907.0,USD,Billed
4500001168,2026-01-23,RE,3000,12,00,0000100072,199.44,USD,Billed
4500001169,2026-03-12,OR,1000,12,00,0000100050,4873.04,USD,Billed
4500001170,2025-07-08,OR,1000,10,00,0000100041,3145.08,USD,Billed
4500001171,2026-05-17,OR,3000,12,00,0000100033,3612.21,USD,Billed
4500001172,2026-02-12,OR,1000,10,01,0000100091,3525.38,USD,Billed
4500001173,2026-03-27,RE,1000,12,02,0000100028,899.3,USD,Billed
4500001174,2026-08-22,OR,1000,12,00,0000100106,1974.08,USD,Cancelled
4500001175,2025-08-23,OR,3000,10,01,0000100115,3096.0,USD,Billed
4500001176,2024-11-01,OR,1000,20,00,0000100081,2325.14,USD,Billed
4500001177,2025-07-07,OR,1000,12,01,0000100068,6412.0,USD,Billed
4500001178,2025-08-25,OR,3000,12,02,0000100003,568.0,USD,Billed
4500001179,2026-05-05,RE,3000,12,00,0000100187,1754.57,USD,Billed
4500001180,2024-11-29,OR,1000,12,00,0000100189,564.78,USD,Billed
4500001181,2025-04-10,OR,3000,12,00,0000100132,2135.43,USD,Cancelled
4500001182,2025-11-15,OR,3000,20,01,0000100136,6561.48,USD,Billed
4500001183,2025-07-26,OR,3000,10,00,0000100025,2687.22,USD,Billed
4500001184,2025-11-20,OR,3000,10,01,0000100161,6201.87,USD,Billed
4500001185,2025-10-22,CS,2000,10,01,0000100001,3306.96,USD,Billed
4500001186,2025-10-18,OR,2000,12,01,0000100158,3647.97,USD,Billed
4500001187,2025-08-14,OR,1000,10,01,0000100123,1769.55,USD,Billed
4500001188,2026-04-01,CS,1000,20,02,0000100055,2990.5,USD,Billed
4500001189,2026-06-18,OR,2000,12,02,0000100139,1467.88,USD,Billed
4500001190,2025-08-20,RE,3000,10,01,0000100066,4000.58,USD,Billed
4500001191,2025-04-19,OR,3000,20,01,0000100167,1210.95,USD,Billed
4500001192,2026-08-06,OR,1000,10,01,0000100140,536.64,USD,Billed
4500001193,2025-06-30,ZOR,3000,12,02,0000100035,1758.08,USD,Billed
4500001194,2025-05-20,OR,1000,10,01,0000100022,4316.4,USD,Billed
4500001195,2026-06-26,OR,2000,10,02,0000100174,6515.2,USD,Billed
4500001196,2025-02-01,OR,2000,20,00,0000100170,452.01,USD,Billed
4500001197,2025-04-20,OR,1000,20,02,0000100107,250.39,USD,Billed
4500001198,2025-12-01,OR,1000,10,02,0000100113,2379.21,USD,Billed
4500001199,2026-05-11,OR,2000,10,01,0000100079,11256.47,USD,Billed
4500001200,2025-01-07,OR,2000,20,02,0000100022,714.76,USD,Billed
4500001201,2025-12-19,RE,3000,10,00,0000100181,68.96,USD,Billed
4500001202,2024-10-04,ZOR,1000,20,01,0000100188,5381.72,USD,Billed
4500001203,2025-01-09,OR,3000,12,01,0000100095,1237.25,USD,Billed
4500001204,2025-11-13,ZOR,1000,10,00,0000100186,3319.84,USD,Billed
4500001205,2025-06-06,OR,1000,10,01,0000100172,148.01,USD,Billed
4500001206,2026-05-10,CS,2000,10,01,0000100071,4665.8,USD,Billed
4500001207,2025-05-15,OR,1000,10,02,0000100125,394.56,USD,Billed
4500001208,2026-07-28,RE,3000,10,02,0000100072,33.52,USD,Billed
4500001209,2025-03-10,OR,2000,10,00,0000100095,5650.25,USD,Billed
4500001210,2025-07-16,ZOR,2000,20,01,0000100183,2701.38,USD,Billed
4500001211,2026-04-07,OR,2000,12,02,0000100180,623.22,USD,Billed
4500001212,2026-06-04,OR,1000,20,02,0000100182,3674.89,USD,Billed
4500001213,2025-04-12,OR,1000,12,01,0000100063,1595.68,USD,Billed
4500001214,2026-02-04,OR,3000,10,02,0000100106,607.67,USD,Billed
4500001215,2025-06-14,OR,3000,20,02,0000100188,645.81,USD,Billed
4500001216,2025-04-20,OR,3000,12,01,0000100031,1118.81,USD,Billed
4500001217,2025-10-30,OR,1000,20,02,0000100139,2784.68,USD,Billed
4500001218,2026-04-05,OR,3000,12,00,0000100086,4910.95,USD,Billed
4500001219,2024-12-19,OR,1000,12,02,0000100028,6015.14,USD,Billed
4500001220,2025-04-01,OR,1000,12,01,0000100030,2555.32,USD,Billed
4500001221,2025-08-09,OR,3000,20,02,0000100095,861.28,USD,Billed
4500001222,2025-03-14,OR,2000,10,00,0000100039,2558.2,USD,Billed
4500001223,2025-01-06,OR,3000,10,00,0000100030,4413.69,USD,Billed
4500001224,2025-03-30,OR,1000,12,01,0000100101,2454.67,USD,Billed
4500001225,2026-04-17,ZOR,3000,12,00,0000100191,4848.36,USD,Billed
4500001226,2025-02-10,OR,2000,12,02,0000100178,4096.91,USD,Billed
4500001227,2025-10-16,OR,2000,20,00,0000100112,3733.15,USD,Billed
4500001228,2025-10-21,OR,3000,20,00,0000100057,5156.88,USD,Billed
4500001229,2026-02-06,OR,3000,10,01,0000100115,426.95,USD,Cancelled
4500001230,2026-09-05,ZOR,1000,10,01,0000100102,2575.01,USD,Billed
4500001231,2025-08-29,ZOR,3000,10,00,0000100111,1685.89,USD,Billed
4500001232,2026-05-29,OR,2000,10,00,0000100018,5854.97,USD,Billed
4500001233,2026-07-31,CS,2000,20,02,0000100185,2129.65,USD,Billed
4500001234,2026-05-13,OR,2000,12,02,0000100059,286.86,USD,Billed
4500001235,2024-12-06,OR,3000,20,00,0000100196,1449.25,USD,Billed
4500001236,2025-11-14,OR,3000,10,02,0000100086,3551.76,USD,Billed
4500001237,2025-10-19,OR,3000,10,01,0000100103,5268.15,USD,Billed
4500001238,2026-01-10,OR,1000,10,00,0000100194,1493.22,USD,Billed
4500001239,2025-11-12,OR,2000,12,00,0000100038,1183.82,USD,Billed
4500001240,2025-06-30,OR,1000,12,01,0000100052,7933.32,USD,Billed
4500001241,2025-07-12,OR,2000,10,02,0000100088,651.18,USD,Billed
4500001242,2026-03-28,ZOR,3000,10,02,0000100060,1195.74,USD,Cancelled
4500001243,2025-09-30,OR,2000,20,01,0000100093,3047.14,USD,Billed
4500001244,2025-06-30,OR,2000,20,02,0000100144,4814.14,USD,Billed
4500001245,2025-12-20,ZOR,2000,10,02,0000100033,510.72,USD,Billed
4500001246,2025-10-19,OR,2000,10,00,0000100081,1977.32,USD,Billed
4500001247,2026-04-26,OR,1000,20,02,0000100144,216.63,USD,Billed
4500001248,2026-06-12,OR,2000,10,00,0000100076,5315.68,USD,Billed
4500001249,2025-04-02,OR,1000,20,00,0000100064,92.4,USD,Billed
4500001250,2026-06-09,RE,3000,12,01,0000100059,2884.74,USD,Billed
4500001251,2025-01-08,OR,2000,12,01,0000100073,6009.39,USD,Billed
4500001252,2024-12-28,OR,3000,20,01,0000100012,1231.99,USD,Billed
4500001253,2025-05-05,OR,2000,10,02,0000100046,3698.53,USD,Billed
4500001254,2025-08-22,OR,2000,20,00,0000100057,422.4,USD,Billed
4500001255,2026-06-02,ZOR,1000,20,02,0000100078,1892.19,USD,Billed
4500001256,2025-06-01,OR,3000,12,01,0000100069,2318.45,USD,Billed
4500001257,2025-06-17,ZOR,2000,20,00,0000100074,3796.39,USD,Billed
4500001258,2026-04-26,OR,3000,10,02,0000100029,1260.37,USD,Billed
4500001259,2025-05-29,ZOR,2000,20,02,0000100042,706.15,USD,Cancelled
4500001260,2024-12-06,OR,3000,20,02,0000100125,4951.47,USD,Billed
4500001261,2025-04-11,OR,2000,12,00,0000100017,8071.83,USD,Billed
4500001262,2025-02-02,OR,1000,12,00,0000100104,923.9,USD,Billed
4500001263,2026-07-09,OR,3000,20,02,0000100021,8408.31,USD,Cancelled
4500001264,2025-11-03,CS,2000,12,02,0000100141,29.1,USD,Billed
4500001265,2025-10-21,OR,2000,10,01,0000100175,634.59,USD,Cancelled
4500001266,2025-02-18,OR,2000,12,02,0000100107,10065.08,USD,Billed
4500001267,2026-06-08,ZOR,2000,20,00,0000100041,2549.14,USD,Billed
4500001268,2024-12-11,OR,1000,10,01,0000100025,8652.48,USD,Billed
4500001269,2026-04-29,OR,2000,20,01,0000100041,12107.55,USD,Billed
4500001270,2025-04-04,OR,1000,20,01,0000100196,11501.75,USD,Billed
4500001271,2026-04-28,OR,3000,10,02,0000100080,3354.11,USD,Billed
4500001272,2025-08-23,OR,1000,10,00,0000100073,13.62,USD,Billed
4500001273,2025-08-31,OR,3000,10,00,0000100010,5983.52,USD,Billed
4500001274,2024-12-08,ZOR,2000,10,02,0000100161,1315.08,USD,Cancelled
4500001275,2025-12-22,OR,2000,20,00,0000100114,291.9,USD,Billed
4500001276,2026-08-17,OR,1000,10,00,0000100112,1386.57,USD,Billed
4500001277,2025-08-16,OR,1000,10,02,0000100198,8929.93,USD,Billed
4500001278,2025-10-05,OR,3000,20,00,0000100040,4721.94,USD,Billed
4500001279,2026-04-01,OR,1000,20,00,0000100117,1618.28,USD,Cancelled
4500001280,2024-11-17,OR,1000,10,00,0000100038,4249.2,USD,Billed
4500001281,2026-01-13,OR,2000,20,02,0000100165,2411.86,USD,Billed
4500001282,2025-06-29,OR,2000,12,00,0000100082,1535.74,USD,Billed
4500001283,2026-07-23,OR,1000,20,00,0000100016,49.69,USD,Billed
4500001284,2025-04-21,OR,3000,20,00,0000100001,2004.77,USD,Billed
4500001285,2024-11-03,OR,2000,10,02,0000100050,52.92,USD,Billed
4500001286,2026-08-28,ZOR,3000,12,01,0000100042,26.85,USD,Billed
4500001287,2026-03-15,OR,3000,20,02,0000100109,152.14,USD,Billed
4500001288,2026-07-05,OR,3000,20,01,0000100155,532.3,USD,Billed
4500001289,2025-05-19,OR,1000,20,00,0000100094,2175.52,USD,Billed
4500001290,2026-09-09,RE,3000,20,02,0000100174,11295.99,USD,In Process
4500001291,2026-05-20,OR,1000,20,01,0000100107,1785.34,USD,Billed
4500001292,2025-03-16,OR,1000,20,01,0000100178,507.68,USD,Billed
4500001293,2026-07-20,OR,3000,12,01,0000100009,5363.0,USD,Billed
4500001294,2025-08-05,OR,1000,12,02,0000100147,391.02,USD,Billed
4500001295,2025-02-10,OR,2000,10,00,0000100020,684.4,USD,Billed
4500001296,2026-05-25,OR,1000,12,02,0000100019,2436.0,USD,Billed
4500001297,2026-04-15,OR,2000,12,01,0000100066,1012.98,USD,Billed
4500001298,2025-12-18,OR,2000,12,01,0000100032,1226.52,USD,Cancelled
4500001299,2024-12-11,ZOR,1000,20,01,0000100024,796.2,USD,Billed
4500001300,2026-08-31,ZOR,3000,20,00,0000100061,1391.3,USD,Billed
4500001301,2026-06-29,OR,1000,20,00,0000100054,675.79,USD,Billed
4500001302,2026-07-13,OR,2000,12,02,0000100075,3629.49,USD,Billed
4500001303,2026-09-08,RE,2000,10,00,0000100064,3440.29,USD,Billed
4500001304,2025-05-12,OR,3000,12,02,0000100048,1247.1,USD,Cancelled
4500001305,2026-04-11,OR,3000,10,01,0000100056,1469.27,USD,Billed
4500001306,2025-04-04,OR,1000,10,02,0000100056,2633.66,USD,Billed
4500001307,2026-03-21,RE,3000,20,01,0000100090,274.26,USD,Billed
4500001308,2025-12-10,OR,2000,20,02,0000100090,2679.47,USD,Billed
4500001309,2025-07-27,OR,2000,10,02,0000100103,212.64,USD,Billed
4500001310,2025-10-14,OR,2000,20,02,0000100112,1269.38,USD,Billed
4500001311,2026-09-13,OR,1000,12,01,0000100060,553.19,USD,Open
4500001312,2025-11-19,ZOR,3000,20,01,0000100147,1510.63,USD,Billed
4500001313,2025-08-25,RE,2000,10,02,0000100075,9919.58,USD,Billed
4500001314,2025-01-12,OR,3000,12,02,0000100152,2725.52,USD,Billed
4500001315,2025-08-17,OR,3000,20,00,0000100151,16474.18,USD,Billed
4500001316,2026-08-03,OR,2000,12,02,0000100179,1558.05,USD,Billed
4500001317,2025-10-31,OR,2000,10,02,0000100150,1654.42,USD,Billed
4500001318,2025-10-07,OR,2000,12,02,0000100178,4588.63,USD,Billed
4500001319,2026-08-31,ZOR,1000,10,00,0000100152,4029.08,USD,Billed
4500001320,2026-02-26,OR,3000,12,00,0000100019,2814.63,USD,Billed
4500001321,2026-05-05,OR,1000,12,01,0000100183,1156.73,USD,Billed
4500001322,2025-08-03,OR,3000,10,02,0000100159,1147.32,USD,Billed
4500001323,2026-01-27,RE,1000,20,02,0000100079,3262.63,USD,Billed
4500001324,2026-04-21,OR,2000,10,01,0000100120,2863.4,USD,Billed
4500001325,2026-07-22,OR,3000,10,02,0000100075,2999.35,USD,Billed
4500001326,2025-10-08,ZOR,3000,12,02,0000100047,1172.96,USD,Billed
4500001327,2024-10-07,OR,2000,12,02,0000100153,9082.9,USD,Billed
4500001328,2025-05-22,OR,3000,10,02,0000100118,628.32,USD,Billed
4500001329,2025-10-04,OR,2000,12,01,0000100008,1662.5,USD,Billed
4500001330,2024-10-22,OR,1000,12,00,0000100047,2856.03,USD,Billed
4500001331,2025-04-17,OR,2000,20,00,0000100064,1944.69,USD,Billed
4500001332,2025-06-21,RE,2000,12,00,0000100141,1910.15,USD,Billed
4500001333,2024-09-23,ZOR,1000,10,01,0000100117,3170.52,USD,Billed
4500001334,2025-07-11,ZOR,1000,10,00,0000100114,217.0,USD,Billed
4500001335,2026-06-13,OR,2000,20,01,0000100022,401.52,USD,Billed
4500001336,2026-02-23,OR,1000,10,00,0000100129,1044.12,USD,Billed
4500001337,2026-09-04,OR,3000,10,01,0000100084,1808.36,USD,Billed
4500001338,2026-02-20,OR,3000,10,01,0000100161,2253.38,USD,Billed
4500001339,2026-07-31,RE,2000,20,00,0000100051,5742.53,USD,Billed
4500001340,2025-04-01,CS,3000,10,00,0000100190,2328.11,USD,Billed
4500001341,2026-07-15,ZOR,1000,20,02,0000100025,55.1,USD,Billed
4500001342,2026-08-09,OR,3000,12,02,0000100121,771.73,USD,Billed
4500001343,2025-04-12,OR,1000,10,02,0000100045,13938.77,USD,Billed
4500001344,2025-05-11,ZOR,1000,10,02,0000100065,746.16,USD,Billed
4500001345,2026-06-14,OR,1000,12,01,0000100168,804.0,USD,Billed
4500001346,2026-05-14,OR,3000,20,02,0000100044,1101.53,USD,Billed
4500001347,2026-02-04,OR,1000,20,00,0000100196,6212.1,USD,Billed
4500001348,2026-06-17,OR,1000,10,01,0000100110,103.11,USD,Billed
4500001349,2025-08-06,OR,3000,10,01,0000100198,2010.57,USD,Billed
4500001350,2026-08-24,OR,2000,12,00,0000100116,3218.35,USD,Billed
4500001351,2025-03-01,RE,3000,12,01,0000100019,1525.2,USD,Billed
4500001352,2026-01-31,OR,3000,20,00,0000100106,527.61,USD,Billed
4500001353,2024-10-09,OR,1000,20,01,0000100175,6055.3,USD,Billed
4500001354,2024-09-15,OR,3000,12,01,0000100163,4981.39,USD,Billed
4500001355,2024-11-01,OR,3000,20,02,0000100014,733.75,USD,Billed
4500001356,2025-10-10,ZOR,1000,12,01,0000100134,2381.23,USD,Billed
4500001357,2026-04-11,OR,3000,10,01,0000100133,223.65,USD,Billed
4500001358,2026-05-31,OR,1000,10,01,0000100184,471.84,USD,Billed
4500001359,2025-11-19,RE,2000,20,02,0000100094,183.34,USD,Billed
4500001360,2025-06-07,OR,2000,20,01,0000100062,3561.05,USD,Billed
4500001361,2026-07-14,RE,3000,12,00,0000100033,324.99,USD,Billed
4500001362,2025-09-17,CS,2000,10,01,0000100006,662.05,USD,Billed
4500001363,2026-04-19,OR,3000,20,01,0000100078,2781.44,USD,Billed
4500001364,2026-08-21,RE,3000,20,02,0000100194,7239.52,USD,Billed
4500001365,2025-03-10,OR,3000,12,02,0000100184,361.43,USD,Billed
4500001366,2025-06-16,OR,3000,10,02,0000100124,1900.21,USD,Billed
4500001367,2026-06-12,OR,2000,10,02,0000100076,1977.6,USD,Billed
4500001368,2025-11-08,OR,3000,20,02,0000100143,8883.23,USD,Billed
4500001369,2026-06-29,OR,2000,10,02,0000100128,1581.05,USD,Billed
4500001370,2024-09-26,OR,3000,10,01,0000100136,3281.66,USD,Billed
4500001371,2026-05-02,CS,2000,10,02,0000100107,2331.78,USD,Billed
4500001372,2026-01-13,OR,3000,20,01,0000100063,460.68,USD,Billed
4500001373,2025-12-21,CS,3000,20,02,0000100084,329.25,USD,Billed
4500001374,2024-12-26,OR,2000,10,02,0000100197,4082.6,USD,Billed
4500001375,2025-05-16,OR,3000,12,00,0000100058,934.2,USD,Billed
4500001376,2026-07-14,OR,3000,12,02,0000100054,63.65,USD,Billed
4500001377,2025-07-03,OR,2000,20,00,0000100071,2887.85,USD,Billed
4500001378,2026-07-11,OR,3000,20,01,0000100014,1756.93,USD,Billed
4500001379,2025-05-28,RE,1000,10,00,0000100103,2494.97,USD,Billed
4500001380,2025-12-09,CS,1000,12,01,0000100079,3913.68,USD,Billed
4500001381,2026-01-17,OR,2000,12,02,0000100177,1606.96,USD,Billed
4500001382,2025-01-22,OR,3000,12,00,0000100110,869.5,USD,Billed
4500001383,2026-05-19,OR,2000,12,00,0000100098,602.12,USD,Cancelled
4500001384,2024-12-25,OR,3000,10,01,0000100145,271.29,USD,Billed
4500001385,2025-01-08,OR,3000,12,01,0000100161,51.11,USD,Cancelled
4500001386,2025-02-06,OR,1000,12,02,0000100137,1041.96,USD,Billed
4500001387,2025-06-25,OR,2000,12,01,0000100196,3852.57,USD,Cancelled
4500001388,2024-09-29,OR,3000,20,00,0000100014,1477.58,USD,Billed
4500001389,2024-09-13,OR,3000,10,01,0000100089,3174.28,USD,Cancelled
4500001390,2026-02-07,OR,3000,10,00,0000100002,13026.73,USD,Billed
4500001391,2026-02-01,OR,2000,12,02,0000100050,590.75,USD,Billed
4500001392,2026-01-01,OR,2000,12,00,0000100194,203.56,USD,Billed
4500001393,2024-10-01,ZOR,1000,12,01,0000100071,677.23,USD,Billed
4500001394,2025-08-30,OR,1000,20,02,0000100088,2990.44,USD,Billed
4500001395,2026-02-23,OR,3000,10,00,0000100157,1375.39,USD,Billed
4500001396,2025-02-17,OR,1000,12,00,0000100116,6009.06,USD,Billed
4500001397,2025-03-13,OR,3000,10,00,0000100172,4239.42,USD,Billed
4500001398,2025-01-30,RE,1000,20,00,0000100106,6388.64,USD,Cancelled
4500001399,2024-10-15,ZOR,2000,10,02,0000100007,2015.52,USD,Billed
4500001400,2026-05-18,OR,2000,10,01,0000100128,2310.66,USD,Billed
4500001401,2026-01-13,OR,1000,12,00,0000100019,453.88,USD,Cancelled
4500001402,2025-03-05,OR,3000,12,01,0000100143,1946.82,USD,Billed
4500001403,2025-07-29,OR,2000,20,01,0000100124,23.88,USD,Billed
4500001404,2025-01-02,CS,2000,12,02,0000100029,5201.13,USD,Billed
4500001405,2026-06-07,ZOR,2000,20,00,0000100070,518.24,USD,Billed
4500001406,2026-09-03,RE,1000,20,00,0000100030,582.37,USD,Billed
4500001407,2025-09-14,OR,1000,12,02,0000100067,1651.51,USD,Billed
4500001408,2025-01-30,OR,2000,20,02,0000100195,424.02,USD,Cancelled
4500001409,2025-03-01,CS,1000,12,01,0000100096,7092.93,USD,Billed
4500001410,2025-10-04,OR,2000,12,00,0000100164,4048.16,USD,Billed
4500001411,2026-06-26,OR,3000,10,00,0000100013,1219.68,USD,Billed
4500001412,2025-01-10,OR,2000,12,01,0000100062,926.91,USD,Billed
4500001413,2025-11-20,OR,2000,10,01,0000100128,357.21,USD,Billed
4500001414,2025-08-15,OR,3000,12,02,0000100033,1849.95,USD,Billed
4500001415,2025-02-25,CS,3000,12,00,0000100186,474.33,USD,Cancelled
4500001416,2026-08-11,OR,2000,12,00,0000100121,1260.85,USD,Billed
4500001417,2025-03-22,OR,3000,20,01,0000100093,2032.92,USD,Billed
4500001418,2026-05-26,OR,3000,10,00,0000100168,2199.26,USD,Billed
4500001419,2025-10-19,OR,2000,20,00,0000100178,1770.5,USD,Billed
4500001420,2025-05-12,OR,2000,20,00,0000100114,2080.45,USD,Billed
4500001421,2026-04-30,OR,1000,10,02,0000100002,1583.45,USD,Billed
4500001422,2025-08-17,OR,2000,12,02,0000100137,3564.45,USD,Billed
4500001423,2026-05-13,ZOR,2000,10,01,0000100003,1102.2,USD,Billed
4500001424,2025-02-21,OR,1000,12,01,0000100045,7934.57,USD,Billed
4500001425,2025-07-03,OR,3000,10,00,0000100044,2231.04,USD,Billed
4500001426,2026-06-14,CS,1000,12,01,0000100079,2364.38,USD,Cancelled
4500001427,2025-07-07,OR,3000,12,01,0000100081,1148.86,USD,Cancelled
4500001428,2026-02-03,OR,2000,12,00,0000100134,4715.2,USD,Billed
4500001429,2026-02-13,OR,2000,20,02,0000100046,6435.66,USD,Billed
4500001430,2025-10-29,OR,3000,20,00,0000100156,456.75,USD,Billed
4500001431,2025-12-19,RE,1000,12,00,0000100058,547.95,USD,Billed
4500001432,2025-05-03,OR,1000,10,01,0000100116,622.87,USD,Billed
4500001433,2025-06-22,OR,1000,20,00,0000100058,6809.49,USD,Billed
4500001434,2026-02-26,OR,3000,12,02,0000100053,10887.94,USD,Billed
4500001435,2025-02-19,OR,1000,20,02,0000100068,2683.22,USD,Billed
4500001436,2024-12-22,RE,3000,12,00,0000100133,2901.89,USD,Billed
4500001437,2026-07-01,OR,1000,20,00,0000100176,1637.96,USD,Billed
4500001438,2025-03-14,OR,2000,12,02,0000100034,1438.66,USD,Billed
4500001439,2025-01-12,OR,3000,20,02,0000100170,670.68,USD,Billed
4500001440,2025-11-03,OR,3000,20,01,0000100127,258.86,USD,Billed
4500001441,2025-01-23,OR,1000,20,02,0000100109,7147.47,USD,Billed
4500001442,2025-03-13,OR,1000,20,00,0000100179,514.91,USD,Billed
4500001443,2025-03-04,CS,3000,12,00,0000100063,1335.2,USD,Cancelled
4500001444,2025-09-26,OR,2000,20,02,0000100007,1965.43,USD,Billed
4500001445,2026-04-30,OR,1000,10,02,0000100115,596.0,USD,Billed
4500001446,2026-02-07,OR,1000,20,01,0000100055,95.52,USD,Billed
4500001447,2025-02-02,OR,3000,12,00,0000100106,3733.31,USD,Cancelled
4500001448,2025-08-13,OR,2000,12,00,0000100002,2110.63,USD,Billed
4500001449,2024-12-05,OR,2000,20,00,0000100077,1119.51,USD,Billed
4500001450,2025-05-12,RE,3000,20,02,0000100070,22.76,USD,Billed
4500001451,2026-03-09,ZOR,1000,10,00,0000100043,1016.68,USD,Billed
4500001452,2026-04-30,OR,2000,20,00,0000100156,133.57,USD,Billed
4500001453,2025-08-30,OR,1000,12,02,0000100038,307.84,USD,Billed
4500001454,2025-11-09,OR,3000,10,00,0000100151,557.49,USD,Billed
4500001455,2025-10-05,OR,2000,10,01,0000100172,531.83,USD,Billed
4500001456,2025-01-10,OR,1000,10,00,0000100005,1111.04,USD,Billed
4500001457,2026-07-26,ZOR,1000,12,00,0000100024,5631.93,USD,Billed
4500001458,2025-03-28,OR,1000,20,01,0000100167,1794.09,USD,Billed
4500001459,2026-01-28,OR,1000,12,00,0000100148,4631.46,USD,Billed
4500001460,2025-01-15,OR,1000,10,02,0000100046,6522.21,USD,Billed
4500001461,2026-01-15,OR,2000,20,01,0000100178,179.34,USD,Billed
4500001462,2025-04-17,ZOR,2000,20,00,0000100059,1208.68,USD,Billed
4500001463,2025-05-25,OR,2000,20,00,0000100100,3919.86,USD,Billed
4500001464,2025-01-21,ZOR,3000,12,02,0000100072,1299.86,USD,Billed
4500001465,2026-08-30,OR,3000,10,00,0000100185,2722.96,USD,Billed
4500001466,2026-08-10,OR,2000,10,01,0000100043,3417.1,USD,Billed
4500001467,2025-02-14,OR,3000,12,01,0000100073,461.51,USD,Billed
4500001468,2025-09-20,RE,3000,20,01,0000100069,4523.55,USD,Billed
4500001469,2025-07-07,ZOR,3000,20,00,0000100157,14484.09,USD,Billed
4500001470,2024-09-20,OR,3000,10,01,0000100182,2547.39,USD,Billed
4500001471,2026-08-21,OR,2000,20,00,0000100153,19.26,USD,Billed
4500001472,2026-04-19,RE,3000,12,02,0000100004,1268.13,USD,Billed
4500001473,2024-11-03,OR,1000,20,00,0000100012,434.7,USD,Billed
4500001474,2025-11-13,OR,3000,12,00,0000100040,585.9,USD,Billed
4500001475,2024-09-20,OR,3000,10,01,0000100052,2131.98,USD,Billed
4500001476,2025-06-02,ZOR,1000,12,01,0000100062,1136.31,USD,Billed
4500001477,2025-03-02,ZOR,2000,20,01,0000100072,1851.32,USD,Billed
4500001478,2025-01-10,OR,3000,20,01,0000100117,238.92,USD,Billed
4500001479,2025-01-21,OR,3000,12,00,0000100030,2872.92,USD,Billed
4500001480,2026-09-04,ZOR,1000,10,02,0000100147,1668.66,USD,Billed
4500001481,2026-03-11,OR,2000,10,00,0000100070,1503.15,USD,Billed
4500001482,2026-07-29,OR,2000,20,00,0000100182,1994.02,USD,Billed
4500001483,2025-01-05,OR,3000,10,02,0000100097,3966.16,USD,Billed
4500001484,2025-06-22,OR,2000,10,00,0000100166,3389.53,USD,Billed
4500001485,2025-01-15,OR,1000,20,00,0000100010,4413.74,USD,Billed
4500001486,2025-09-07,OR,1000,10,01,0000100036,1304.3,USD,Billed
4500001487,2025-06-17,OR,2000,10,02,0000100020,603.5,USD,Billed
4500001488,2025-01-10,OR,2000,10,00,0000100103,2572.79,USD,Billed
4500001489,2025-11-17,OR,3000,10,00,0000100066,784.08,USD,Billed
4500001490,2024-11-19,CS,1000,12,02,0000100013,1096.68,USD,Billed
4500001491,2025-05-16,OR,2000,10,00,0000100182,636.6,USD,Billed
4500001492,2025-09-29,OR,3000,10,00,0000100151,1542.94,USD,Billed
4500001493,2025-06-13,OR,1000,20,00,0000100164,4055.84,USD,Billed
4500001494,2025-01-20,OR,2000,12,02,0000100029,269.78,USD,Billed
4500001495,2025-10-26,OR,2000,12,01,0000100161,2700.54,USD,Billed
4500001496,2026-07-08,OR,1000,10,01,0000100082,1225.36,USD,Billed
4500001497,2026-05-10,RE,2000,20,00,0000100150,2361.29,USD,Billed
4500001498,2026-02-14,OR,3000,10,01,0000100081,1088.69,USD,Billed
4500001499,2026-03-13,CS,3000,10,02,0000100034,4100.1,USD,Billed
